,Atascadero,Atascadero,Atascadero,Atascadero,Atascadero,Atascadero,Atascadero,Atascadero,Atascadero,Atascadero,Atascadero,Atascadero
,WSV,WDV,AMT,RMT,O3,NO,NO2,NOX,BAM25,BAM10,BAM10STD,SIGT
Date,,,,,,,,,,,,
01-Jan-2017 00:00,0.3,320,2.5,25,5,0,7,8,21,19,18,68.9
01-Jan-2017 01:00,0.1,102,1.7,24.5,2,1,7,9,21,26,25,45.1
01-Jan-2017 02:00,0.2,182,1,24,1,2,7,10,17,21,20,64.9
01-Jan-2017 03:00,1.7,195,0.6,23.4,1,4,7,12,12,16,16,32.5
01-Jan-2017 04:00,1,192,0,22.9,0,5,6,12,13,21,20,41.2
01-Jan-2017 05:00,0.3,143,-0.3,22.4,1,3,5,8,2,15,15,56.2
01-Jan-2017 06:00,1.6,190,0,22.1,0,5,6,12,-5,12,11,49.1
01-Jan-2017 07:00,0.9,188,-0.3,21.7,1,7,5,12,0,11,10,49
01-Jan-2017 08:00,1.3,47,0.4,21.6,3,6,3,9,3,9,8,38.2
01-Jan-2017 09:00,1.5,38,2.2,22,7,3,2,6,9,7,6,33
01-Jan-2017 10:00,0.6,240,5.6,22.9,16,3,3,6,16,10,9,63.2
01-Jan-2017 11:00,1.1,45,8,24.1,21,1,3,4,11,11,11,59.8
01-Jan-2017 12:00,1.5,312,9,24.4,32,0,0,1,7,8,8,49.5
01-Jan-2017 13:00,3.5,246,9.8,24,37,0,0,1,5,17,16,33.7
01-Jan-2017 14:00,3.9,228,9.8,23.8,41,0,0,1,4,20,19,31.7
01-Jan-2017 15:00,3,226,9.5,23.8,40,0,0,1,3,15,14,35.2
01-Jan-2017 16:00,2.3,255,9.1,23.9,39,0,1,1,5,15,15,29.5
01-Jan-2017 17:00,0.8,193,8.7,24,36,0,2,3,3,10,10,49.6
01-Jan-2017 18:00,0.4,158,7.8,24.1,23,0,6,7,3,20,19,64.5
01-Jan-2017 19:00,0.8,38,7.7,24.3,18,0,10,10,22,26,25,45.1
01-Jan-2017 20:00,1.2,20,7.3,24.3,30,0,2,2,7,17,16,61.4
01-Jan-2017 21:00,0.1,183,6.1,24.3,26,0,3,3,4,15,14,59.6
01-Jan-2017 22:00,0.4,176,5.4,24.5,17,0,4,4,4,15,14,52.2
01-Jan-2017 23:00,1.2,179,5.5,24.6,,,,,7,19,19,12.7
02-Jan-2017 00:00,1.4,185,5.8,24.5,14,0,7,8,15,20,20,17.1
02-Jan-2017 01:00,0.5,197,5.6,24.5,12,0,6,7,7,18,18,57.6
02-Jan-2017 02:00,1.1,187,5.4,24.6,14,0,5,6,7,21,20,28.6
02-Jan-2017 03:00,1.7,198,4.9,24.8,12,0,4,4,7,12,11,32.5
02-Jan-2017 04:00,2.2,198,4.9,24.8,16,0,4,4,5,11,11,18.6
02-Jan-2017 05:00,0.1,183,4.7,24.8,13,0,5,5,6,11,11,32.3
02-Jan-2017 06:00,0.9,53,4.2,24.8,8,0,6,7,6,10,9,35.6
02-Jan-2017 07:00,0.3,204,4.2,24.8,8,0,5,6,4,6,6,32
02-Jan-2017 08:00,1.6,196,4.8,24.8,4,9,13,23,2,18,18,24.2
02-Jan-2017 09:00,1.7,183,6.8,24.6,17,4,7,11,4,20,19,39.4
02-Jan-2017 10:00,2.3,165,8.6,24.2,29,0,2,2,5,18,17,29.3
02-Jan-2017 11:00,2.9,194,9.6,24,36,0,2,3,6,16,16,25.7
02-Jan-2017 12:00,3.8,208,9.9,23.9,40,0,1,1,8,18,18,25.1
02-Jan-2017 13:00,3.6,194,10.3,23.8,40,0,1,1,8,15,15,27.4
02-Jan-2017 14:00,4.4,199,10.8,23.7,39,0,1,1,8,14,13,25.6
02-Jan-2017 15:00,2.9,224,10.4,23.7,38,0,1,2,8,19,19,28.2
02-Jan-2017 16:00,2.5,240,9.6,23.8,36,0,3,3,7,19,19,26.4
02-Jan-2017 17:00,2.9,195,9.3,24,30,1,7,9,17,23,23,18.5
02-Jan-2017 18:00,1.8,180,8.7,24,26,0,8,8,11,28,28,23.8
02-Jan-2017 19:00,1.5,174,8.3,24.1,26,0,7,8,11,25,25,23.7
02-Jan-2017 20:00,0.1,219,6.9,24.2,14,0,12,13,18,27,27,64.9
02-Jan-2017 21:00,0.2,350,5.8,24.4,5,1,16,18,24,31,30,60
02-Jan-2017 22:00,0.8,188,5.8,24.4,8,0,12,13,14,29,28,29.9
02-Jan-2017 23:00,0.9,194,6.1,24.5,,,,,21,35,34,43.2
03-Jan-2017 00:00,1.2,189,6.1,24.5,7,0,11,12,14,33,32,26.2
03-Jan-2017 01:00,0.2,136,5.2,24.6,5,1,8,9,15,25,24,58.1
03-Jan-2017 02:00,0.3,6,4.6,24.8,4,0,7,8,8,23,22,42.1
03-Jan-2017 03:00,0,106,4.2,24.8,2,0,7,8,8,25,24,59
03-Jan-2017 04:00,0.3,79,4.4,24.8,2,1,8,9,8,14,14,40.8
03-Jan-2017 05:00,0.9,7,4.3,24.9,2,1,7,9,7,16,16,41.3
03-Jan-2017 06:00,0.7,12,4.5,24.9,2,7,9,16,10,21,20,55.5
03-Jan-2017 07:00,0.6,357,4.7,24.9,2,6,9,16,11,19,19,36.1
03-Jan-2017 08:00,0.2,149,5.5,24.9,2,43,11,55,10,19,19,46.7
03-Jan-2017 09:00,0.3,4,7.4,24.5,6,17,14,32,10,23,22,57.4
03-Jan-2017 10:00,0.8,7,9.8,24.1,15,5,7,13,9,15,15,49.4
03-Jan-2017 11:00,8,186,12.8,23.6,39,0,1,2,6,0,0,19.4
03-Jan-2017 12:00,8.5,187,12.7,23.4,37,0,1,2,1,2,2,19.6
03-Jan-2017 13:00,7.1,186,12.6,23.4,36,0,1,2,1,9,9,19.8
03-Jan-2017 14:00,4.9,173,12.8,23.4,36,0,2,3,4,13,13,21.6
03-Jan-2017 15:00,4.5,169,12.7,23.5,34,0,4,4,4,16,15,23.2
03-Jan-2017 16:00,5,183,12.4,23.5,35,0,3,3,4,13,13,20.6
03-Jan-2017 17:00,4.8,175,12,23.5,34,0,3,3,3,10,10,20.4
03-Jan-2017 18:00,5.3,177,11.7,23.6,34,0,3,3,2,6,6,20.3
03-Jan-2017 19:00,6.3,178,11.9,23.5,36,0,1,1,2,5,5,19.9
03-Jan-2017 20:00,5.4,175,11.3,23.6,34,0,2,2,0,5,5,19.4
03-Jan-2017 21:00,4.4,181,10.7,23.7,33,0,2,3,3,0,0,19.8
03-Jan-2017 22:00,5.5,180,10.4,23.9,34,0,1,1,3,0,0,17.2
03-Jan-2017 23:00,5.8,168,10.6,24,,,,,1,1,1,22.3
04-Jan-2017 00:00,5.3,172,10.7,23.8,36,0,0,0,-1,0,0,22.6
04-Jan-2017 01:00,6.3,181,10.8,23.8,36,0,0,0,-4,2,2,18.8
04-Jan-2017 02:00,4.9,171,10.9,23.7,35,0,0,0,0,1,1,20.4
04-Jan-2017 03:00,5,166,10.9,23.7,35,0,0,0,0,1,1,23.7
04-Jan-2017 04:00,5.6,172,11.5,23.7,36,0,0,0,0,5,5,25.5
04-Jan-2017 05:00,6,172,11.6,23.7,36,0,0,0,-1,5,5,22.5
04-Jan-2017 06:00,5.1,172,11.7,23.7,34,0,2,2,-2,1,1,22.4
04-Jan-2017 07:00,3.5,159,11.9,23.7,32,0,2,2,0,-2,-2,28.3
04-Jan-2017 08:00,7.2,174,12,23.7,32,0,3,4,-1,0,0,16.1
04-Jan-2017 09:00,6.4,174,12.4,23.6,33,0,2,2,-1,2,2,21.5
04-Jan-2017 10:00,3.9,152,12.4,23.6,31,0,2,3,0,-1,-1,24.5
04-Jan-2017 11:00,4.3,153,12.7,23.6,32,0,2,3,1,-3,-2,24.3
04-Jan-2017 12:00,4.3,168,13.3,23.5,32,0,2,2,0,-1,-1,25.8
04-Jan-2017 13:00,3.1,163,13.5,23.5,31,0,2,3,-1,0,0,27.2
04-Jan-2017 14:00,3.2,171,13.7,23.5,31,0,3,3,-1,0,0,27.8
04-Jan-2017 15:00,4.1,198,13.5,23.5,31,0,3,3,-2,0,0,30.8
04-Jan-2017 16:00,1.6,164,13.3,23.5,30,0,3,3,-2,1,1,50.2
04-Jan-2017 17:00,2.7,227,13,23.5,28,0,2,3,-3,-1,-1,41.1
04-Jan-2017 18:00,2.3,200,12.9,23.5,28,0,2,3,-1,-1,-1,45.4
04-Jan-2017 19:00,1,146,12.9,23.6,27,0,2,2,-1,-1,-1,42.5
04-Jan-2017 20:00,3.6,345,12.9,23.6,23,0,3,4,-1,-1,-1,45.5
04-Jan-2017 21:00,1.9,199,13.1,23.6,26,0,2,3,0,1,1,36.5
04-Jan-2017 22:00,4.1,251,13.3,23.8,30,0,0,0,-1,-1,-1,25.4
04-Jan-2017 23:00,1,186,13.1,24,,,,,-2,-2,-2,41.3
05-Jan-2017 00:00,1.6,341,12.9,23.8,24,0,1,1,-1,-1,-1,67.8
05-Jan-2017 01:00,1,24,13,23.7,23,0,0,0,-4,2,2,65.7
05-Jan-2017 02:00,2.6,0,13.2,23.6,22,0,0,0,-3,1,1,47.4
05-Jan-2017 03:00,2.7,3,12.9,23.7,25,0,0,0,-3,0,0,46.6
05-Jan-2017 04:00,0.9,4,12.7,23.7,23,0,1,1,0,-1,-1,91.3
05-Jan-2017 05:00,0.2,153,12.6,23.7,23,0,1,1,0,-1,-1,87.7
05-Jan-2017 06:00,1.3,351,12.6,23.7,27,0,1,2,-3,2,2,61.1
05-Jan-2017 07:00,0.4,53,12.2,23.7,24,0,4,4,-1,3,3,48.2
05-Jan-2017 08:00,1,210,12.1,23.7,20,2,9,12,2,4,4,48.7
05-Jan-2017 09:00,2.6,204,12.1,23.7,31,2,3,5,2,0,0,21.9
05-Jan-2017 10:00,3.7,213,12.5,23.6,35,0,1,2,-1,-2,-2,29
05-Jan-2017 11:00,4.9,213,12.8,23.4,37,0,0,1,-4,2,2,29.3
05-Jan-2017 12:00,4.4,205,12.1,23.4,36,0,0,1,-3,7,7,33.9
05-Jan-2017 13:00,5.3,218,12.7,23.4,37,0,0,1,1,7,7,33.5
05-Jan-2017 14:00,4.8,222,12.6,23.4,36,0,0,1,4,4,4,29.4
05-Jan-2017 15:00,4.7,206,11.9,23.5,36,0,0,1,4,4,4,29.6
05-Jan-2017 16:00,3.9,237,10.4,23.7,35,0,1,1,0,8,8,28.8
05-Jan-2017 17:00,1.8,223,9.1,24,32,0,2,2,1,12,12,41.6
05-Jan-2017 18:00,1.6,157,8,24.1,21,0,4,4,4,19,19,17
05-Jan-2017 19:00,0.5,173,6.3,24.3,12,0,7,7,7,20,19,63.5
05-Jan-2017 20:00,0.3,174,5.4,24.6,8,0,7,8,9,21,20,51.7
05-Jan-2017 21:00,1.1,33,6,24.5,21,0,4,4,7,12,12,37
05-Jan-2017 22:00,2.4,359,6.4,24.6,27,0,2,2,5,10,10,22
05-Jan-2017 23:00,1.4,5,5.9,24.6,,,,,4,8,8,32.8
06-Jan-2017 00:00,1.5,354,4.7,24.7,22,0,2,2,3,9,8,52.6
06-Jan-2017 01:00,0.4,317,2.8,24.7,12,0,4,4,3,9,9,51.2
06-Jan-2017 02:00,0.1,59,2.1,24.3,7,0,4,5,3,11,10,58.1
06-Jan-2017 03:00,0.3,51,1.7,23.8,6,0,4,5,1,9,9,59.5
06-Jan-2017 04:00,0.7,53,1.2,23.3,6,0,4,5,-3,7,7,49.9
06-Jan-2017 05:00,0.9,34,1.1,22.8,10,0,4,4,,9,8,62.5
06-Jan-2017 06:00,0.3,71,0.9,22.3,10,0,6,7,-5,8,7,53.9
06-Jan-2017 07:00,0.4,70,0.2,21.8,4,3,10,14,1,10,10,60.8
06-Jan-2017 08:00,0.7,55,1.7,21.8,9,6,8,15,5,11,11,51.2
06-Jan-2017 09:00,0.7,20,3.9,22.5,21,2,3,5,7,9,9,62.2
06-Jan-2017 10:00,0.9,83,5.8,23.7,23,1,2,3,,8,8,71.3
06-Jan-2017 11:00,0.6,10,7.5,24.5,24,1,1,3,-1,8,8,70.7
06-Jan-2017 12:00,1.3,345,9.6,24.3,25,1,1,2,-1,6,6,65.6
06-Jan-2017 13:00,2.2,333,11.5,23.9,28,0,1,1,-3,5,5,47.8
06-Jan-2017 14:00,4.2,324,12.7,23.7,30,0,0,1,0,4,4,25.2
06-Jan-2017 15:00,2.7,312,13,23.5,31,0,1,1,1,4,4,26.9
06-Jan-2017 16:00,1.4,308,12.1,23.6,24,0,6,7,0,7,7,35
06-Jan-2017 17:00,0.3,5,10.5,23.8,8,1,16,17,1,20,20,52.1
06-Jan-2017 18:00,0.5,350,8.4,24,1,6,19,25,15,24,23,58.3
06-Jan-2017 19:00,0.1,272,8.1,24.1,1,9,18,27,16,30,29,52.7
06-Jan-2017 20:00,0.7,21,8,24.1,3,5,14,20,35,37,36,40.5
06-Jan-2017 21:00,0.4,240,8,24.1,5,1,10,11,11,16,16,57
06-Jan-2017 22:00,0.4,169,8,24.2,2,2,14,16,19,26,25,51.1
06-Jan-2017 23:00,0.5,22,7.7,24.3,,,,,16,27,27,60.5
07-Jan-2017 00:00,2.8,179,8.6,24.3,25,0,4,4,7,20,19,25.7
07-Jan-2017 01:00,1.5,173,9.1,24,32,0,2,2,4,11,10,53.9
07-Jan-2017 02:00,0.5,276,9.2,24.1,28,0,2,2,0,11,11,52.8
07-Jan-2017 03:00,1,355,8.4,24.1,19,0,3,3,2,8,8,45.7
07-Jan-2017 04:00,1.2,20,8.1,24.3,20,0,1,1,5,7,7,41.6
07-Jan-2017 05:00,1.5,3,7.9,24.3,21,0,2,3,4,5,5,43
07-Jan-2017 06:00,0.6,66,8.5,24.3,23,0,1,1,2,1,1,70.7
07-Jan-2017 07:00,3.4,145,11,24.1,32,0,0,0,3,4,4,29.7
07-Jan-2017 08:00,3,150,12.1,24,31,0,1,1,2,2,2,38.7
07-Jan-2017 09:00,4.3,166,13.5,23.8,30,0,1,1,1,0,0,29.8
07-Jan-2017 10:00,6.4,182,13.9,23.6,32,0,1,1,-1,-1,-1,21.4
07-Jan-2017 11:00,6.6,180,14,23.4,32,0,1,1,-2,0,0,26.5
07-Jan-2017 12:00,7.7,182,13.9,23.4,33,0,1,2,3,1,1,22
07-Jan-2017 13:00,6.1,176,13.1,23.5,34,0,1,2,0,1,1,21.2
07-Jan-2017 14:00,6.1,159,12.3,23.6,,,,,,,,22
07-Jan-2017 15:00,6.4,166,12.1,23.7,,,,,-5,11,11,22.6
07-Jan-2017 16:00,5.3,150,11.7,23.6,34,0,1,1,-1,8,7,22.9
07-Jan-2017 17:00,4.2,150,12.1,23.7,31,0,1,1,1,3,3,27.1
07-Jan-2017 18:00,5.1,185,12.6,23.8,26,0,3,3,0,6,6,14.6
07-Jan-2017 19:00,3.4,173,13,23.7,22,0,3,3,0,10,9,22
07-Jan-2017 20:00,3.7,197,13.1,23.7,24,0,1,2,2,5,5,22.6
07-Jan-2017 21:00,4,178,13.4,23.7,25,0,1,1,1,0,0,51.1
07-Jan-2017 22:00,0.8,169,12.9,23.9,16,0,2,2,0,1,1,59.9
07-Jan-2017 23:00,1.3,175,13.7,24,,,,,0,0,0,36.8
08-Jan-2017 00:00,0.3,211,13.1,23.8,9,0,3,3,0,0,0,61.7
08-Jan-2017 01:00,1,167,13.6,23.6,14,0,2,2,1,1,1,70.2
08-Jan-2017 02:00,3.4,126,14.4,23.5,27,0,0,0,2,3,3,29
08-Jan-2017 03:00,4.2,122,14.6,23.5,31,0,0,0,1,5,5,25.4
08-Jan-2017 04:00,5,129,15.3,23.5,32,0,0,0,0,3,3,23.4
08-Jan-2017 05:00,5.5,150,16.3,23.4,32,0,0,0,-1,3,3,27.2
08-Jan-2017 06:00,6.7,172,17.4,23.3,30,0,0,0,0,3,3,28.3
08-Jan-2017 07:00,8.5,183,17.9,23.3,31,0,0,0,1,5,5,21.1
08-Jan-2017 08:00,10.9,188,17.8,23.4,32,0,0,0,3,7,7,18.8
08-Jan-2017 09:00,14,190,18.3,23.3,36,0,0,1,1,10,11,19.4
08-Jan-2017 10:00,15.1,195,18.6,23,35,0,0,1,1,11,11,19.8
08-Jan-2017 11:00,16.4,191,19,23,35,0,0,0,1,11,11,16.9
08-Jan-2017 12:00,14.7,193,19.1,22.9,35,0,0,0,0,12,12,18.1
08-Jan-2017 13:00,14.7,191,18.8,22.9,34,0,0,0,0,10,10,16.7
08-Jan-2017 14:00,14,193,18.6,22.9,33,0,0,0,-2,6,6,17.3
08-Jan-2017 15:00,13.4,194,17.4,23,33,0,0,0,2,7,7,17.9
08-Jan-2017 16:00,14.5,191,16.2,23,33,0,0,0,3,7,7,16.8
08-Jan-2017 17:00,12.7,190,14.4,23.1,34,0,0,0,1,6,6,16.6
08-Jan-2017 18:00,8.7,181,12.4,23.4,33,0,0,0,2,6,6,15.8
08-Jan-2017 19:00,6.5,180,12.3,23.5,33,0,0,1,1,3,3,30.2
08-Jan-2017 20:00,3.5,149,12.7,23.5,29,0,0,0,-2,0,0,38.9
08-Jan-2017 21:00,4.1,173,12.4,23.6,29,0,0,0,-4,-1,-1,25.6
08-Jan-2017 22:00,9.8,186,13.4,23.6,29,0,0,0,-2,2,2,14.3
08-Jan-2017 23:00,8.6,185,13.2,23.8,,,,,-5,-1,-1,14.4
09-Jan-2017 00:00,5.9,189,13.1,23.6,28,0,0,0,,,,18
09-Jan-2017 01:00,5,199,13.7,23.6,30,0,0,0,,-4,-4,23.5
09-Jan-2017 02:00,5.8,212,14,23.4,32,0,0,0,-1,0,0,26.1
09-Jan-2017 03:00,4.7,214,13.9,23.5,34,0,0,0,0,2,2,25.1
09-Jan-2017 04:00,5.6,223,13.5,23.5,36,0,0,0,-2,6,6,28.8
09-Jan-2017 05:00,4.5,239,12.8,23.5,38,0,0,0,-1,9,9,32.4
09-Jan-2017 06:00,4.1,251,12.4,23.6,39,0,0,0,0,7,7,32.3
09-Jan-2017 07:00,1.3,235,11.7,23.7,33,0,3,3,2,6,6,50.4
09-Jan-2017 08:00,1.1,170,11.5,23.8,22,1,8,10,2,7,7,36.1
09-Jan-2017 09:00,2.3,199,12.2,23.8,31,0,4,5,0,9,9,29.4
09-Jan-2017 10:00,3.6,213,12.7,23.7,38,0,0,1,0,9,9,26.4
09-Jan-2017 11:00,2.9,266,13,23.6,39,0,0,0,2,11,11,39.5
09-Jan-2017 12:00,3.3,226,13.4,23.5,40,0,0,0,1,9,9,32.5
09-Jan-2017 13:00,3.8,237,13.7,23.5,40,0,0,1,0,6,6,29.8
09-Jan-2017 14:00,3.7,236,13.6,23.4,39,0,1,1,0,9,9,30.5
09-Jan-2017 15:00,3.8,205,13.3,23.4,38,0,1,2,3,10,9,25.1
09-Jan-2017 16:00,5,190,13,23.6,38,0,1,2,3,5,5,15
09-Jan-2017 17:00,4.4,189,12.7,23.6,35,0,3,3,0,7,7,14.2
09-Jan-2017 18:00,4,181,11.8,23.8,34,0,3,3,2,9,9,16.4
09-Jan-2017 19:00,1.4,183,11,23.8,28,0,4,4,2,6,6,47.4
09-Jan-2017 20:00,0.5,166,10.6,23.9,15,0,5,6,1,4,4,45.5
09-Jan-2017 21:00,1.7,192,10.9,23.9,19,0,7,8,2,8,8,21.7
09-Jan-2017 22:00,1.3,184,10.7,24,10,0,8,8,0,11,11,25.6
09-Jan-2017 23:00,1.8,189,11,24.1,,,,,1,8,8,26.1
10-Jan-2017 00:00,2.7,179,10.8,23.9,29,0,1,2,2,7,7,16
10-Jan-2017 01:00,2.6,178,10.6,23.9,31,0,1,0,-1,6,6,22.7
10-Jan-2017 02:00,1.5,198,10.7,23.9,28,0,0,0,-2,3,3,38.3
10-Jan-2017 03:00,1.6,181,10.6,23.9,26,0,1,1,-3,0,0,25.7
10-Jan-2017 04:00,2.1,197,10.5,23.9,26,0,1,1,-4,-2,-1,24.5
10-Jan-2017 05:00,1.5,204,10.4,24,24,0,2,3,0,0,0,39.4
10-Jan-2017 06:00,1.4,199,10.3,24,18,0,6,7,1,3,3,37.7
10-Jan-2017 07:00,2,183,10.7,24.1,15,1,15,16,0,3,3,18.7
10-Jan-2017 08:00,2.4,175,11.2,23.9,26,1,6,8,0,5,5,23.4
10-Jan-2017 09:00,2.7,176,12,23.8,28,1,5,6,1,5,5,17.6
10-Jan-2017 10:00,4.5,183,12.6,23.6,34,0,2,3,-1,0,0,18.8
10-Jan-2017 11:00,5.1,189,12.8,23.5,35,0,2,2,,1,1,31.7
10-Jan-2017 12:00,6.1,190,12.9,23.4,38,0,1,1,-5,4,4,18.5
10-Jan-2017 13:00,,,13.1,23.4,37,0,1,1,0,8,7,
10-Jan-2017 14:00,,,13.5,23.4,38,0,1,1,1,5,5,
10-Jan-2017 15:00,4.3,186,12.8,23.5,36,0,2,3,-1,4,4,24.8
10-Jan-2017 16:00,2.9,192,12.5,23.6,34,0,3,3,-3,4,4,42.7
10-Jan-2017 17:00,5.9,211,13.2,23.5,39,0,1,1,-1,2,2,31.7
10-Jan-2017 18:00,7.2,199,13.2,23.5,40,0,0,0,2,3,3,25.6
10-Jan-2017 19:00,8.2,216,13.1,23.5,40,0,0,0,1,3,3,27.2
10-Jan-2017 20:00,9.5,206,13.1,23.5,41,0,0,0,0,1,1,23.6
10-Jan-2017 21:00,10.1,197,13.2,23.6,39,0,0,0,-1,3,3,17.7
10-Jan-2017 22:00,9.4,197,13.4,23.7,39,0,0,0,0,4,4,21.8
10-Jan-2017 23:00,10.5,205,14,23.7,,,,,-1,0,0,24.8
11-Jan-2017 00:00,10.3,226,13.5,23.5,42,0,0,0,-1,0,0,26.9
11-Jan-2017 01:00,5.2,231,13.1,23.5,42,0,0,0,0,8,7,36.3
11-Jan-2017 02:00,2.1,253,12.7,23.7,42,0,0,0,2,11,11,59.1
11-Jan-2017 03:00,1.5,207,12.5,23.7,40,0,0,0,4,22,21,66.9
11-Jan-2017 04:00,3.7,238,12.6,23.7,43,0,0,0,6,20,20,37.2
11-Jan-2017 05:00,3.5,224,11.9,23.7,42,0,0,0,5,15,15,36.9
11-Jan-2017 06:00,0.8,212,11.1,23.9,37,0,2,2,6,20,19,56.1
11-Jan-2017 07:00,2.4,235,11.2,23.9,38,0,3,3,6,28,28,39.4
11-Jan-2017 08:00,1.6,177,11.3,23.9,34,0,4,4,6,28,28,48
11-Jan-2017 09:00,2,220,12.3,23.8,41,0,1,1,5,28,28,50.1
11-Jan-2017 10:00,4.2,223,12.8,23.5,41,0,0,1,5,30,30,30.8
11-Jan-2017 11:00,4.7,218,13.3,23.4,41,0,1,1,3,30,30,31.7
11-Jan-2017 12:00,4.5,220,13.7,23.3,41,0,0,1,4,24,24,34.8
11-Jan-2017 13:00,4.8,221,13.2,23.4,41,0,0,0,9,15,15,27.7
11-Jan-2017 14:00,5.2,236,13.3,23.4,40,0,1,1,9,23,23,25.9
11-Jan-2017 15:00,4.2,204,11.9,23.5,38,0,2,2,5,16,16,22.6
11-Jan-2017 16:00,3,209,11.6,23.6,37,0,2,2,3,6,6,25.9
11-Jan-2017 17:00,1,256,11.2,23.7,34,0,2,2,6,9,9,41.2
11-Jan-2017 18:00,0.8,169,10.8,23.9,26,0,5,5,6,15,15,47.7
11-Jan-2017 19:00,0.1,213,10.5,24,15,0,9,9,7,19,19,61.5
11-Jan-2017 20:00,0.7,136,10.5,23.8,13,0,8,9,9,18,18,54.2
11-Jan-2017 21:00,1.3,183,10.3,23.9,11,0,10,11,18,18,18,17.5
11-Jan-2017 22:00,1.1,173,10.2,24,12,0,8,8,9,14,14,26.1
11-Jan-2017 23:00,1.7,172,10.3,24.1,,,,,10,11,11,18.9
12-Jan-2017 00:00,2.4,172,10.7,23.9,32,0,1,1,6,5,5,26.5
12-Jan-2017 01:00,3.7,164,10.8,23.7,37,0,0,0,3,4,4,23.8
12-Jan-2017 02:00,4.4,188,10.7,23.9,38,0,0,0,3,6,6,21.9
12-Jan-2017 03:00,6.2,198,10.8,23.9,40,0,0,0,4,6,6,24.8
12-Jan-2017 04:00,4.4,226,10.1,23.9,42,0,0,0,8,5,5,34.8
12-Jan-2017 05:00,2.8,230,9.2,24.1,41,0,0,0,5,2,2,45
12-Jan-2017 06:00,2.7,190,8.6,24.2,39,0,0,0,0,0,0,44.5
12-Jan-2017 07:00,2,193,8.1,24.4,29,0,10,10,2,1,1,25
12-Jan-2017 08:00,1.9,166,8.6,24.3,26,2,10,12,4,1,1,26.5
12-Jan-2017 09:00,2.7,202,8.9,24.1,34,3,5,9,5,3,3,27.5
12-Jan-2017 10:00,3.2,199,9,24.1,39,0,1,2,4,2,2,26.2
12-Jan-2017 11:00,2.9,240,9.8,24,39,0,0,1,0,1,1,33.2
12-Jan-2017 12:00,4.4,221,10.6,24,40,0,0,1,,,,32.7
12-Jan-2017 13:00,5.6,217,11,23.7,39,0,0,0,-1,3,3,29.6
12-Jan-2017 14:00,5.1,250,10.6,23.7,40,0,0,0,3,6,6,29.8
12-Jan-2017 15:00,4.6,248,10.3,23.6,40,0,0,1,3,9,8,31.1
12-Jan-2017 16:00,2.9,261,9.6,23.7,39,0,1,1,0,16,16,36.7
12-Jan-2017 17:00,1.4,212,8.5,24,33,0,3,4,2,11,10,51.2
12-Jan-2017 18:00,0.3,162,6.9,24.3,16,2,11,14,3,11,11,60.2
12-Jan-2017 19:00,0.9,192,5.9,24.6,7,4,14,18,9,20,19,43.8
12-Jan-2017 20:00,0.3,170,4.8,24.8,1,5,15,20,18,23,23,74.5
12-Jan-2017 21:00,0.9,173,4.1,24.9,1,5,11,16,16,21,20,49.8
12-Jan-2017 22:00,0.7,157,3.2,25,1,5,8,14,18,11,10,50.3
12-Jan-2017 23:00,2.3,197,2.8,25,,,,,14,12,12,19.3
13-Jan-2017 00:00,2.9,200,2.3,24.9,2,2,5,8,9,13,13,13.2
13-Jan-2017 01:00,1.9,201,1.8,24.3,2,2,5,8,4,11,10,22.6
13-Jan-2017 02:00,2.1,190,1.2,23.7,1,4,4,8,0,10,10,23
13-Jan-2017 03:00,0.9,176,0.7,23.2,0,6,3,9,-1,11,10,45.5
13-Jan-2017 04:00,0.9,182,0.6,22.8,0,7,3,11,3,9,9,27.8
13-Jan-2017 05:00,0.6,4,1.1,22.6,0,8,4,12,0,6,6,38.4
13-Jan-2017 06:00,0.7,335,1.7,22.6,0,5,5,10,0,5,5,53
13-Jan-2017 07:00,2.5,344,2.3,22.6,11,2,4,6,3,7,7,25.7
13-Jan-2017 08:00,1.7,356,2.4,22.6,18,0,2,2,7,8,7,31.2
13-Jan-2017 09:00,3.3,337,3.2,23,21,0,0,1,7,5,4,22.1
13-Jan-2017 10:00,3,350,4.3,23.5,22,0,0,1,8,2,2,32.4
13-Jan-2017 11:00,4,342,5.2,24.1,23,1,0,1,,2,2,30.5
13-Jan-2017 12:00,4,355,7.1,24.7,25,1,1,2,10,8,8,30.7
13-Jan-2017 13:00,3.9,3,9.4,24.6,30,0,1,1,7,8,8,33.5
13-Jan-2017 14:00,3.6,5,10.1,24.2,30,0,1,1,2,4,4,34.2
13-Jan-2017 15:00,3.3,13,10.6,24.1,31,0,0,0,3,5,5,36.1
13-Jan-2017 16:00,2.4,59,10.1,24,31,0,1,1,4,4,4,29.6
13-Jan-2017 17:00,1.8,81,9,24,28,0,3,3,1,3,3,33.5
13-Jan-2017 18:00,0.2,18,8.1,24.2,29,0,1,1,1,7,6,74.8
13-Jan-2017 19:00,2.3,155,7.7,24.2,27,0,2,2,4,9,8,33.6
13-Jan-2017 20:00,2.4,96,7.6,24.3,29,0,0,0,6,8,7,49.2
13-Jan-2017 21:00,0.9,337,6.4,24.6,22,0,4,4,8,8,8,50.1
13-Jan-2017 22:00,0.3,135,4.6,24.7,12,0,6,6,9,15,14,54.2
13-Jan-2017 23:00,0,165,3.5,24.9,,,,,11,20,19,75.2
14-Jan-2017 00:00,0.1,321,2.6,25,1,3,8,11,31,27,26,62.6
14-Jan-2017 01:00,1.4,195,2.4,24.5,1,4,8,12,12,17,16,33.5
14-Jan-2017 02:00,0.6,17,2.2,24.1,1,2,6,9,11,20,19,46.7
14-Jan-2017 03:00,0.6,3,1.8,23.8,1,3,5,8,9,17,17,61.6
14-Jan-2017 04:00,1.2,10,1.4,23.4,1,3,5,8,9,15,14,31.3
14-Jan-2017 05:00,0.3,243,1,23,0,7,6,13,4,18,17,55
14-Jan-2017 06:00,0.5,23,0.4,22.6,0,22,6,28,5,12,12,54.9
14-Jan-2017 07:00,0.2,22,-0.1,22.1,0,8,4,13,10,12,11,66.9
14-Jan-2017 08:00,0.5,43,0.7,21.9,1,16,4,21,11,12,12,50
14-Jan-2017 09:00,0.8,35,2.5,22.2,7,4,3,7,10,12,12,62.1
14-Jan-2017 10:00,1.8,5,5.1,23.1,12,2,1,4,10,8,8,40.4
14-Jan-2017 11:00,2.3,336,9.2,24.3,16,3,2,5,,7,7,40.6
14-Jan-2017 12:00,3.1,356,12.2,24.3,28,1,1,2,7,5,5,37.9
14-Jan-2017 13:00,3.3,2,13.1,23.8,30,0,0,1,4,6,6,39.4
14-Jan-2017 14:00,2.9,55,13.6,23.6,34,0,0,0,2,6,6,39.3
14-Jan-2017 15:00,3,68,12.3,23.6,32,0,0,0,4,-2,-2,36.5
14-Jan-2017 16:00,2.3,42,10.3,23.7,30,0,0,0,5,3,3,38.2
14-Jan-2017 17:00,0.4,167,8.8,24,25,0,4,5,15,19,18,54.9
14-Jan-2017 18:00,0.8,302,6.6,24.3,12,0,11,12,14,20,20,70.3
14-Jan-2017 19:00,0.7,355,5.9,24.5,12,0,10,11,22,23,23,64.7
14-Jan-2017 20:00,0,144,4.9,24.7,8,0,9,9,16,18,18,84.9
14-Jan-2017 21:00,0.3,151,4.1,24.8,7,0,7,8,21,22,21,63.8
14-Jan-2017 22:00,0.6,173,3.4,24.9,7,0,6,6,10,24,23,60.8
14-Jan-2017 23:00,0.6,160,2.8,25.2,,,,,12,17,16,43.1
15-Jan-2017 00:00,0.3,110,2.4,24.9,5,0,4,5,13,15,15,68.8
15-Jan-2017 01:00,0.6,326,1.8,24.3,2,1,6,7,20,24,23,51.7
15-Jan-2017 02:00,0.4,352,1.1,23.7,1,1,6,8,13,19,18,57.4
15-Jan-2017 03:00,0,347,0.5,23.1,1,1,5,7,4,21,20,74
15-Jan-2017 04:00,0.3,20,0.1,22.6,0,3,5,9,2,22,21,53
15-Jan-2017 05:00,0.7,332,-0.2,22.2,1,4,5,9,11,18,17,29.1
15-Jan-2017 06:00,0.7,15,-0.4,21.7,1,3,5,8,17,23,22,30.4
15-Jan-2017 07:00,0.7,346,-0.4,21.3,1,6,6,12,17,19,18,29.1
15-Jan-2017 08:00,1.3,34,0.2,21.2,4,6,4,11,16,20,19,22.8
15-Jan-2017 09:00,1.1,359,3.3,21.8,13,3,3,6,20,11,11,37.8
15-Jan-2017 10:00,,,6.3,22.9,24,0,1,1,14,17,16,
15-Jan-2017 11:00,3,28,8.5,24,31,0,0,1,,14,13,42.8
15-Jan-2017 12:00,3.2,18,9.7,24.6,33,0,0,0,10,15,15,38
15-Jan-2017 13:00,2.9,22,10.9,24.1,33,0,0,0,8,12,12,46.2
15-Jan-2017 14:00,3.6,24,11.5,24,33,0,0,0,6,11,11,40.4
15-Jan-2017 15:00,2.7,41,11.2,23.8,33,0,0,1,5,8,8,40.4
15-Jan-2017 16:00,2.9,74,9.8,23.9,31,0,1,1,6,8,8,30.7
15-Jan-2017 17:00,1.7,55,7.6,24.1,30,0,0,0,10,17,16,50.1
15-Jan-2017 18:00,0.4,123,6.3,24.4,28,0,1,1,13,19,18,64.1
15-Jan-2017 19:00,0.9,216,5.2,24.7,23,0,3,3,12,17,16,61.7
15-Jan-2017 20:00,0.3,206,4.4,24.9,18,0,5,5,12,18,17,61.9
15-Jan-2017 21:00,0.6,166,3,24.6,10,0,8,9,20,23,21,56
15-Jan-2017 22:00,0.1,180,2,24.7,6,1,9,10,13,20,19,68.9
15-Jan-2017 23:00,0.2,164,1.1,24.8,,,,,17,22,21,59.3
16-Jan-2017 00:00,0.7,175,0.6,24.4,4,0,5,6,17,21,20,32.4
16-Jan-2017 01:00,1.3,188,0.3,23.5,2,4,7,12,11,24,23,16.9
16-Jan-2017 02:00,0.1,135,-0.3,22.9,0,7,7,15,8,25,23,58.9
16-Jan-2017 03:00,0.1,12,-1,22.3,0,6,5,12,4,17,16,50.8
16-Jan-2017 04:00,0.1,192,-1.2,21.7,0,10,5,16,7,18,17,50.7
16-Jan-2017 05:00,0.4,155,-1.1,21.2,0,15,6,21,12,17,16,45.9
16-Jan-2017 06:00,1,176,-0.6,20.9,0,16,6,22,12,23,21,35.5
16-Jan-2017 07:00,0.9,28,-0.2,20.8,0,20,5,26,18,24,22,45.7
16-Jan-2017 08:00,1.1,32,0.4,20.8,1,15,6,21,19,14,13,30.1
16-Jan-2017 09:00,1.3,30,2.1,21,5,13,8,21,21,18,18,43.4
16-Jan-2017 10:00,2.4,56,5.5,21.9,21,1,2,3,16,10,9,43.5
16-Jan-2017 11:00,2.7,60,7.4,22.9,23,1,1,2,16,10,9,44.5
16-Jan-2017 12:00,2.3,32,8.8,24,25,0,0,1,,10,10,50.3
16-Jan-2017 13:00,1.9,31,10.3,24.4,28,0,1,1,2,7,7,58.8
16-Jan-2017 14:00,1.7,357,11.4,24,30,0,1,1,6,15,15,56.4
16-Jan-2017 15:00,2.4,351,12.1,23.8,30,0,1,2,7,12,12,41.7
16-Jan-2017 16:00,1.7,33,11.8,23.8,26,0,3,3,7,10,10,37.4
16-Jan-2017 17:00,0.8,2,9,24,15,0,8,9,8,15,15,47.4
16-Jan-2017 18:00,0.6,329,6.2,24.4,5,2,13,15,19,30,29,53.3
16-Jan-2017 19:00,0.2,64,4.9,24.8,5,2,11,14,25,37,35,65.6
16-Jan-2017 20:00,0.2,66,3.8,24.9,7,0,7,8,21,25,24,58.4
16-Jan-2017 21:00,0,313,2.4,24.6,2,2,12,14,25,36,34,59.7
16-Jan-2017 22:00,1,186,1.6,24.7,1,3,9,13,25,28,27,26.9
16-Jan-2017 23:00,1.1,182,1.2,24.8,,,,,20,30,29,40.3
17-Jan-2017 00:00,0.4,162,0.2,24.4,1,16,6,22,27,33,32,41.4
17-Jan-2017 01:00,0.9,170,-0.1,23.6,0,11,5,16,10,23,22,42.6
17-Jan-2017 02:00,0.3,127,-0.5,22.9,0,7,4,12,7,22,20,41
17-Jan-2017 03:00,0.5,177,-1,22.3,0,10,4,14,5,25,23,33.8
17-Jan-2017 04:00,1.2,187,-1,21.7,0,11,4,16,8,15,14,41
17-Jan-2017 05:00,0.2,46,-1.4,21.2,0,16,3,20,12,18,17,40.3
17-Jan-2017 06:00,0.3,346,-1.7,20.7,0,22,3,26,10,23,22,68.8
17-Jan-2017 07:00,1,194,-1.4,20.3,0,47,5,53,23,21,19,52.9
17-Jan-2017 08:00,1,182,0.5,20.4,1,61,8,69,21,27,26,32.7
17-Jan-2017 09:00,0.7,181,3.2,21.2,4,16,3,20,6,15,15,43.4
17-Jan-2017 10:00,1.4,23,7.2,22.6,9,10,7,17,7,13,13,41.7
17-Jan-2017 11:00,2.3,6,9.6,24.1,15,4,4,9,,13,13,38.4
17-Jan-2017 12:00,1.3,344,12.4,24.3,21,1,3,5,4,9,9,43.3
17-Jan-2017 13:00,1.2,18,14.5,23.7,22,2,4,6,5,6,6,53.4
17-Jan-2017 14:00,3.6,227,16,23.4,42,0,2,3,3,7,7,38.5
17-Jan-2017 15:00,3.6,266,16,23.4,43,0,2,3,3,7,7,24.4
17-Jan-2017 16:00,1.6,258,15,23.4,32,0,9,10,5,18,18,27.7
17-Jan-2017 17:00,0.1,248,10.8,23.6,10,3,23,26,6,27,26,88.4
17-Jan-2017 18:00,0.2,285,8.1,24,2,9,31,40,17,34,33,57.2
17-Jan-2017 19:00,0.8,187,6.5,24.3,1,10,22,33,12,31,30,55.5
17-Jan-2017 20:00,2.6,198,6.1,24.6,3,9,21,31,21,37,36,25.6
17-Jan-2017 21:00,1.6,191,5.6,24.5,4,6,17,23,16,29,28,55.7
17-Jan-2017 22:00,2.5,197,4.4,24.7,3,6,15,21,14,26,25,21.5
17-Jan-2017 23:00,1.8,202,4.5,24.8,,,,,12,18,18,35.5
18-Jan-2017 00:00,0.4,67,3.5,24.8,5,1,8,9,10,17,16,60.1
18-Jan-2017 01:00,0.3,222,2.4,24.6,1,1,8,10,12,21,20,51.2
18-Jan-2017 02:00,1.8,193,2.5,24.3,3,2,8,10,11,13,12,32.4
18-Jan-2017 03:00,0.2,13,2.3,24,2,2,8,10,9,16,16,46.1
18-Jan-2017 04:00,0.3,156,2.6,23.8,1,3,8,12,6,15,14,57.8
18-Jan-2017 05:00,2.4,199,3.2,23.8,1,7,10,18,3,14,14,42.6
18-Jan-2017 06:00,1.8,195,4.3,23.9,,6,12,19,3,15,14,25.1
18-Jan-2017 07:00,0.8,30,4.4,24,,17,11,29,7,21,20,39.3
18-Jan-2017 08:00,0.7,26,5.5,24.3,,23,12,36,13,23,23,51.2
18-Jan-2017 09:00,0.7,16,7,24.7,2,20,12,33,13,33,32,64.2
18-Jan-2017 10:00,3.8,193,10.4,24.3,26,5,5,11,11,16,16,42.2
18-Jan-2017 11:00,6.5,190,11.2,23.9,35,0,2,3,7,11,11,20.4
18-Jan-2017 12:00,5.5,195,11.3,23.8,36,0,2,2,5,11,11,22.6
18-Jan-2017 13:00,5.7,189,11,23.8,36,0,1,1,4,9,9,19.7
18-Jan-2017 14:00,5.7,187,10.5,23.8,35,0,3,3,3,9,8,18
18-Jan-2017 15:00,4.5,168,9.9,23.9,31,0,6,6,3,9,9,23.7
18-Jan-2017 16:00,5.7,158,9.8,23.7,35,0,2,2,3,6,6,24.5
18-Jan-2017 17:00,3,167,9.6,24,30,0,5,6,6,8,8,23.9
18-Jan-2017 18:00,1.2,155,9.3,24,28,0,5,5,5,11,10,47.6
18-Jan-2017 19:00,0.3,357,8.7,24.1,16,0,8,8,5,10,9,65.5
18-Jan-2017 20:00,4.8,183,9.9,24,32,0,5,6,7,7,7,23.6
18-Jan-2017 21:00,9.6,188,10.4,23.8,42,0,0,0,4,4,4,18.5
18-Jan-2017 22:00,11.2,188,10.1,23.9,41,0,0,0,3,7,7,16.2
18-Jan-2017 23:00,7.6,186,9.9,24.1,,,,,4,6,6,20.3
19-Jan-2017 00:00,8.6,187,10.1,24,40,0,0,0,2,2,2,17.9
19-Jan-2017 01:00,4.6,185,9.9,24,38,0,0,0,-1,0,0,34
19-Jan-2017 02:00,1.1,199,9.6,24,31,0,1,1,-1,1,1,57.2
19-Jan-2017 03:00,1.7,207,10.5,24,39,0,0,0,-1,2,2,37.9
19-Jan-2017 04:00,2.2,208,9.8,24,36,0,1,1,3,6,6,50.1
19-Jan-2017 05:00,1.7,212,9.7,24,41,0,0,0,3,18,17,47.9
19-Jan-2017 06:00,0.3,190,8.5,24.2,22,0,8,8,0,11,10,48.1
19-Jan-2017 07:00,1.1,187,7.8,24.3,7,4,23,28,1,7,7,44.4
19-Jan-2017 08:00,1.5,199,8.8,24.1,13,7,22,29,0,14,14,37
19-Jan-2017 09:00,2,205,10.6,24,40,0,4,4,3,10,10,45.4
19-Jan-2017 10:00,2.7,233,11.7,23.6,43,0,1,1,3,19,18,35.9
19-Jan-2017 11:00,1.9,254,11.1,23.7,41,0,1,2,3,21,20,34.1
19-Jan-2017 12:00,1.2,192,10.3,23.7,39,1,2,3,1,0,0,40
19-Jan-2017 13:00,2.8,200,11.7,23.5,39,0,2,2,0,4,4,39.3
19-Jan-2017 14:00,4.6,227,12,23.5,42,0,0,1,2,9,9,27.8
19-Jan-2017 15:00,3.4,233,11.1,23.5,38,0,2,3,1,7,6,27.4
19-Jan-2017 16:00,3.3,225,10.8,23.6,37,0,3,4,2,8,7,25.2
19-Jan-2017 17:00,1.6,208,10,23.8,33,0,4,4,3,10,10,43.8
19-Jan-2017 18:00,0.3,196,8.8,24,13,1,13,15,2,11,10,71
19-Jan-2017 19:00,0.5,193,8.5,24.1,7,1,17,19,16,20,19,69.6
19-Jan-2017 20:00,0.8,193,8.5,24.1,8,0,13,14,10,16,16,42.6
19-Jan-2017 21:00,0.5,205,8.3,24.1,4,1,14,16,10,13,12,68.8
19-Jan-2017 22:00,0.8,193,8.4,24.2,5,0,12,13,7,15,14,54
19-Jan-2017 23:00,3.4,193,9.1,24.4,,,,,3,8,8,20.5
20-Jan-2017 00:00,3.3,182,8.4,24.2,36,0,1,1,0,7,7,15.7
20-Jan-2017 01:00,4.4,184,8.4,24,38,0,0,0,0,4,4,16.1
20-Jan-2017 02:00,4.1,179,8.4,24.1,40,0,0,0,-2,4,4,18
20-Jan-2017 03:00,6.1,173,8.9,23.9,40,0,0,0,-1,5,5,22.8
20-Jan-2017 04:00,7.5,181,9,24.1,41,0,0,0,0,8,8,18.3
20-Jan-2017 05:00,10.2,187,9.2,24,40,0,0,0,0,8,8,16
20-Jan-2017 06:00,10.9,187,9.4,24,40,1,2,3,3,7,7,16.1
20-Jan-2017 07:00,10,197,10,24.1,37,3,7,11,2,6,5,20.7
20-Jan-2017 08:00,7.4,212,11.3,23.9,43,1,4,5,0,5,5,26.7
20-Jan-2017 09:00,3.6,202,9.9,24.1,45,0,1,2,3,10,10,26.6
20-Jan-2017 10:00,2.9,274,9.2,24.1,45,0,1,1,2,11,11,43.4
20-Jan-2017 11:00,2.2,156,8.4,24.2,38,0,4,5,1,8,8,30.1
20-Jan-2017 12:00,3,229,9.4,24.1,43,0,2,3,3,9,9,27.2
20-Jan-2017 13:00,3.6,225,8.9,24,43,0,1,2,5,10,9,36
20-Jan-2017 14:00,3.7,233,9.8,23.9,43,0,1,2,8,6,6,33.8
20-Jan-2017 15:00,4,248,9.3,23.8,42,0,1,1,7,7,7,33.3
20-Jan-2017 16:00,2.4,256,8.9,24,42,0,1,2,4,12,11,48.6
20-Jan-2017 17:00,1.9,208,8,24.1,36,0,4,4,4,11,11,47
20-Jan-2017 18:00,1.5,220,7.6,24.3,40,0,2,3,4,11,11,60.7
20-Jan-2017 19:00,4.1,222,8,24.2,44,0,1,1,5,10,10,30.1
20-Jan-2017 20:00,1.9,241,7.9,24.3,43,0,1,1,3,17,16,33.4
20-Jan-2017 21:00,0.9,335,6.4,24.5,41,0,0,0,1,5,4,53.9
20-Jan-2017 22:00,0.8,202,5.3,24.6,30,0,4,4,3,7,6,39.9
20-Jan-2017 23:00,0.8,151,6.2,24.6,,,,,3,10,10,52.5
21-Jan-2017 00:00,1,192,4.9,24.8,24,0,5,5,3,12,11,54.3
21-Jan-2017 01:00,1.3,193,4.3,25,17,0,9,9,4,11,11,28
21-Jan-2017 02:00,0.8,190,4.2,24.9,13,0,9,9,4,6,6,54.2
21-Jan-2017 03:00,1.5,187,4.5,24.9,16,0,9,9,4,7,7,45.6
21-Jan-2017 04:00,0.8,196,5,24.9,13,0,9,9,2,8,7,56.3
21-Jan-2017 05:00,1.4,191,5.2,24.9,11,0,12,12,3,6,6,42.1
21-Jan-2017 06:00,0.3,211,5,24.9,4,1,14,16,4,6,6,54.2
21-Jan-2017 07:00,1.7,193,4.9,24.8,2,11,21,32,4,8,7,24.5
21-Jan-2017 08:00,0.1,56,6.6,24.8,7,16,16,32,5,11,11,79
21-Jan-2017 09:00,1,227,9.8,24.3,33,1,3,5,-1,19,18,62.7
21-Jan-2017 10:00,2.7,208,10.4,24,38,0,1,2,0,21,20,31
21-Jan-2017 11:00,3.6,200,10.5,23.9,39,0,1,1,6,15,15,32.6
21-Jan-2017 12:00,3.2,178,11.2,23.7,39,0,0,1,7,8,8,31.5
21-Jan-2017 13:00,3.1,220,11.4,23.7,38,0,1,2,6,10,10,32.4
21-Jan-2017 14:00,4.3,185,11.4,23.7,38,0,1,2,7,11,11,20.7
21-Jan-2017 15:00,4.1,186,11,23.8,36,0,2,3,9,15,14,17.8
21-Jan-2017 16:00,2.8,184,10.6,23.9,34,0,4,4,7,13,12,22.4
21-Jan-2017 17:00,2,190,10.1,23.9,30,0,5,6,8,26,26,23.2
21-Jan-2017 18:00,0.4,182,8.9,24,18,0,8,8,6,11,11,54.1
21-Jan-2017 19:00,1.8,155,8.8,24.1,21,0,6,7,8,21,21,21
21-Jan-2017 20:00,1.8,141,9,24,,0,1,1,7,9,9,28.4
21-Jan-2017 21:00,2.1,169,9.1,24,,0,2,2,2,22,22,30.2
21-Jan-2017 22:00,5.5,176,9.8,24.1,37,0,0,0,7,19,19,20.3
21-Jan-2017 23:00,7,171,9.2,24.1,,,,,8,7,7,22.2
22-Jan-2017 00:00,7.6,173,8.7,24.1,41,0,0,0,6,7,6,21.8
22-Jan-2017 01:00,8.9,175,8.3,24.1,42,0,0,0,2,9,8,21.6
22-Jan-2017 02:00,9.5,175,8.3,24.3,43,0,0,0,2,8,7,23.7
22-Jan-2017 03:00,10.8,178,8.5,24.2,44,0,0,0,2,5,5,21.4
22-Jan-2017 04:00,13.2,179,8.6,24.2,44,0,0,0,,,,20.1
22-Jan-2017 05:00,15.8,186,8.9,24.3,,,,,,,,19.1
22-Jan-2017 06:00,17.3,184,9.3,24.3,45,0,0,0,-4,6,6,17.3
22-Jan-2017 07:00,17.6,184,10,24,44,0,0,0,-1,3,3,16.6
22-Jan-2017 08:00,15.1,185,10.6,23.9,43,0,0,0,0,4,4,16.5
22-Jan-2017 09:00,11.9,194,10.8,23.7,41,0,0,1,0,4,4,19.8
22-Jan-2017 10:00,4.2,230,10.2,24,39,0,1,2,1,0,0,28.4
22-Jan-2017 11:00,6.1,190,10.6,24,36,1,3,4,3,0,0,20.4
22-Jan-2017 12:00,8.3,203,11.3,23.8,41,0,1,1,2,2,2,22
22-Jan-2017 13:00,7,201,11.1,23.9,41,0,0,1,0,4,4,21.8
22-Jan-2017 14:00,5.4,204,11.6,23.8,40,0,1,1,0,7,7,21.4
22-Jan-2017 15:00,6.1,194,11.7,23.8,41,0,1,1,3,19,18,17.4
22-Jan-2017 16:00,6.9,191,11,23.8,42,0,1,1,5,7,7,16.2
22-Jan-2017 17:00,8.4,210,10.3,23.8,44,0,0,0,5,5,5,24.4
22-Jan-2017 18:00,8.4,212,10.6,23.8,44,0,0,0,5,5,5,25.6
22-Jan-2017 19:00,8.7,215,10.3,23.9,44,0,0,0,1,8,8,26.7
22-Jan-2017 20:00,6.9,227,9.5,23.9,44,0,0,0,0,6,5,28.1
22-Jan-2017 21:00,3.8,211,8.9,24.1,43,0,0,0,3,6,6,30.9
22-Jan-2017 22:00,6.3,200,9.2,24.2,43,0,0,0,3,10,10,25.6
22-Jan-2017 23:00,8.3,201,8.9,24.2,,,,,1,9,8,24.2
23-Jan-2017 00:00,6.3,219,8.5,24.1,45,0,0,0,3,4,4,30.4
23-Jan-2017 01:00,4.3,214,7.2,24.2,45,0,0,0,2,1,1,32.8
23-Jan-2017 02:00,4.2,203,7.5,24.4,44,0,0,0,3,4,4,25.1
23-Jan-2017 03:00,2.5,199,7.2,24.5,44,0,0,0,3,7,7,44.2
23-Jan-2017 04:00,0.8,355,6,24.7,36,0,1,1,2,6,6,58.8
23-Jan-2017 05:00,2.2,250,6.1,24.6,36,0,3,3,2,6,6,34.3
23-Jan-2017 06:00,0.9,210,5.8,24.7,36,0,4,5,2,2,2,50.8
23-Jan-2017 07:00,1.4,171,5.1,24.9,17,2,19,22,1,0,0,23.8
23-Jan-2017 08:00,1.5,175,5.8,24.8,26,0,10,11,1,5,5,39.9
23-Jan-2017 09:00,0.9,170,6.5,24.7,31,1,5,6,1,4,4,50.9
23-Jan-2017 10:00,4,223,7.9,24.2,42,0,1,2,-1,2,2,29.1
23-Jan-2017 11:00,3.4,300,7.9,24.2,42,0,0,0,0,2,2,32.7
23-Jan-2017 12:00,1.3,196,7,24.2,38,0,1,1,2,0,0,61
23-Jan-2017 13:00,0.6,104,8.4,24.1,39,0,0,1,1,2,2,72
23-Jan-2017 14:00,4.1,273,9.3,24,41,0,0,0,0,6,6,27.8
23-Jan-2017 15:00,3.2,222,8.9,24,39,0,1,2,0,10,10,30.7
23-Jan-2017 16:00,3.4,217,8.2,24,38,0,2,3,3,12,12,26.3
23-Jan-2017 17:00,1.8,211,7.3,24.3,33,0,4,4,5,10,9,43.5
23-Jan-2017 18:00,0.2,70,5.4,24.7,10,0,13,14,0,7,7,71.2
23-Jan-2017 19:00,0.9,186,4.4,25,5,2,12,15,17,18,17,60.3
23-Jan-2017 20:00,0.9,185,3.7,24.8,1,9,15,25,21,19,19,51.4
23-Jan-2017 21:00,1.2,200,3.3,24.7,2,8,12,21,10,21,20,39.8
23-Jan-2017 22:00,2.9,204,3.4,25,4,2,11,14,11,16,15,29.4
23-Jan-2017 23:00,0.2,109,3.7,25,,,,,11,20,19,71.2
24-Jan-2017 00:00,0.1,198,3.8,25,7,0,4,5,10,12,12,71.2
24-Jan-2017 01:00,1.1,185,3.7,24.9,12,0,4,4,7,11,11,37.4
24-Jan-2017 02:00,1.2,200,3.5,24.6,14,0,5,6,1,10,10,56.5
24-Jan-2017 03:00,0.8,357,2.4,24.3,5,0,6,6,0,11,10,42.1
24-Jan-2017 04:00,0.2,128,1.9,23.9,6,1,5,7,0,8,8,37.8
24-Jan-2017 05:00,0,240,1.2,23.6,3,2,8,10,-3,4,4,40.3
24-Jan-2017 06:00,0.6,251,1.2,23.3,2,3,8,12,-1,6,6,59.3
24-Jan-2017 07:00,1.3,188,1.4,23.2,3,9,13,22,4,6,6,43.6
24-Jan-2017 08:00,1.3,203,1.5,23.1,6,8,12,20,7,4,4,56.9
24-Jan-2017 09:00,1.4,328,2.2,23.3,9,8,8,17,9,7,7,40.9
24-Jan-2017 10:00,1.2,332,4.5,24,16,4,4,9,15,6,6,63.7
24-Jan-2017 11:00,3.4,319,6,24.7,22,1,1,3,4,5,5,26.1
24-Jan-2017 12:00,3.7,311,7.1,24.3,27,1,2,3,8,4,4,24.5
24-Jan-2017 13:00,3.3,330,9.5,24.1,34,0,0,1,9,3,3,29.3
24-Jan-2017 14:00,2.5,31,10.6,24,37,0,0,0,4,6,6,43.3
24-Jan-2017 15:00,2.9,43,11,23.9,40,0,0,0,4,8,7,39.3
24-Jan-2017 16:00,2.5,55,10.3,23.8,38,0,0,0,4,6,6,40.9
24-Jan-2017 17:00,2.1,49,8.9,24.1,35,0,1,1,4,6,6,43.1
24-Jan-2017 18:00,0.8,356,7.4,24.3,31,0,2,2,4,10,10,63.7
24-Jan-2017 19:00,0.5,351,4.8,24.7,11,0,12,13,20,22,21,68.5
24-Jan-2017 20:00,0.1,174,3.3,24.8,4,1,14,16,26,31,29,82.9
24-Jan-2017 21:00,0.6,297,2.6,24.6,3,2,14,17,20,27,26,34.4
24-Jan-2017 22:00,0.7,172,1.9,24.6,2,2,13,16,14,24,23,60.2
24-Jan-2017 23:00,0.1,264,1.2,24.7,,,,,21,27,25,52.2
25-Jan-2017 00:00,0.9,174,0.7,24.3,2,5,10,16,16,22,21,58.1
25-Jan-2017 01:00,0.2,335,-0.1,23.4,1,5,9,14,13,25,24,53.2
25-Jan-2017 02:00,0.2,216,-0.6,22.6,0,6,7,14,9,20,19,62.1
25-Jan-2017 03:00,0.5,203,-0.8,22,0,8,7,15,4,19,18,44.2
25-Jan-2017 04:00,0.9,184,-1.1,21.5,0,11,7,18,5,13,12,42.6
25-Jan-2017 05:00,0.5,8,-1.2,21.1,0,11,6,18,8,13,12,45.6
25-Jan-2017 06:00,0.8,230,-0.7,20.9,1,15,10,26,15,21,20,37.4
25-Jan-2017 07:00,1.9,349,-1,20.7,4,3,9,12,10,10,10,35.4
25-Jan-2017 08:00,0.6,18,-0.4,20.7,8,4,5,9,16,10,9,68.4
25-Jan-2017 09:00,0.9,27,1.6,21.5,11,5,4,10,4,10,9,37.5
25-Jan-2017 10:00,1.9,7,4.8,22.6,18,3,2,6,20,12,12,37.9
25-Jan-2017 11:00,3,332,7.8,23.8,29,0,1,2,22,47,46,39.8
25-Jan-2017 12:00,2.5,33,10.3,24.5,38,0,0,0,5,8,8,39.9
25-Jan-2017 13:00,2.8,23,11.2,24,38,2,1,4,3,7,6,48
25-Jan-2017 14:00,2.4,15,11.7,23.9,40,0,0,0,-1,6,6,44.9
25-Jan-2017 15:00,3,352,12,23.7,40,1,1,3,0,9,9,35.4
25-Jan-2017 16:00,2.2,10,11.7,23.8,40,0,1,1,1,10,9,35.4
25-Jan-2017 17:00,1.2,314,8.4,24,19,0,12,13,2,21,20,36.7
25-Jan-2017 18:00,0.9,199,6.4,24.3,5,5,21,26,6,23,23,36.5
25-Jan-2017 19:00,1.5,180,5.1,24.7,2,7,20,28,19,32,30,27
25-Jan-2017 20:00,0,32,3.9,24.9,2,10,18,29,14,29,28,65.1
25-Jan-2017 21:00,0.3,217,2.8,24.7,1,10,15,26,25,31,30,59.8
25-Jan-2017 22:00,0.9,182,1.9,24.8,1,12,12,25,32,32,30,43
25-Jan-2017 23:00,0.9,173,1,24.9,,,,,17,27,26,27.7
26-Jan-2017 00:00,0.5,155,0.3,24.5,1,9,6,15,19,24,23,44.1
26-Jan-2017 01:00,1.2,178,-0.1,23.6,1,6,5,12,7,19,18,18.7
26-Jan-2017 02:00,0.5,155,-0.6,22.8,0,8,5,14,3,18,17,50.1
26-Jan-2017 03:00,0.8,168,-1,22.2,0,8,5,13,-5,19,18,38.2
26-Jan-2017 04:00,0.2,327,-1.3,21.6,0,13,4,18,0,15,14,54.2
26-Jan-2017 05:00,0.1,341,-1.4,21.1,0,16,5,21,10,19,18,59.7
26-Jan-2017 06:00,0.5,70,-1.1,20.8,1,10,5,16,11,15,14,39.4
26-Jan-2017 07:00,0.7,40,-0.3,20.6,2,7,10,17,7,13,12,44.6
26-Jan-2017 08:00,1.2,49,-0.3,20.6,5,6,7,13,15,10,9,33.8
26-Jan-2017 09:00,0.4,54,0.6,20.9,7,8,7,15,8,15,14,51.1
26-Jan-2017 10:00,2.7,41,2.6,21.5,11,4,4,8,8,13,13,26.8
26-Jan-2017 11:00,2.9,343,5.1,22.6,16,2,2,4,7,10,10,32
26-Jan-2017 12:00,4.2,326,7.4,23.9,24,2,2,4,,10,9,29.8
26-Jan-2017 13:00,3.7,42,10.9,24.5,37,0,0,1,5,11,11,40.9
26-Jan-2017 14:00,3.4,61,11.4,24.1,38,0,0,1,3,8,8,39.5
26-Jan-2017 15:00,3.6,68,11.3,23.9,37,0,0,0,5,8,8,39.6
26-Jan-2017 16:00,2.5,53,10.6,24,36,0,0,1,7,10,9,55.5
26-Jan-2017 17:00,2.1,58,9.2,24.1,35,0,1,1,5,15,15,44.5
26-Jan-2017 18:00,1.2,35,8.1,24.3,34,0,1,1,8,12,12,56.9
26-Jan-2017 19:00,1.5,300,7.1,24.4,26,0,5,5,16,16,16,42.5
26-Jan-2017 20:00,0.2,263,5.8,24.6,14,0,9,10,17,25,24,70.7
26-Jan-2017 21:00,0.3,204,4.1,24.8,9,0,11,12,18,27,26,65
26-Jan-2017 22:00,0.9,179,3.2,25.1,7,0,11,11,18,21,20,50.6
26-Jan-2017 23:00,1,193,2.6,25.1,,,,,19,23,22,43.3
27-Jan-2017 00:00,0.7,176,2,24.9,2,2,13,15,15,24,23,53.7
27-Jan-2017 01:00,0.5,158,1.4,24.1,2,1,9,10,10,17,17,54.6
27-Jan-2017 02:00,0.3,337,1,23.5,2,2,9,12,4,17,16,35
27-Jan-2017 03:00,0.7,177,0.4,22.9,1,1,9,10,2,19,18,55.9
27-Jan-2017 04:00,0.1,44,-0.3,22.3,0,6,7,14,5,15,15,52.9
27-Jan-2017 05:00,1,344,-0.8,21.8,0,12,7,19,9,16,15,21.8
27-Jan-2017 06:00,1.2,183,-0.9,21.3,0,24,7,32,12,21,20,40.6
27-Jan-2017 07:00,0.2,97,-0.9,20.9,0,54,9,64,19,29,28,50
27-Jan-2017 08:00,1.2,160,0.8,20.9,1,55,12,68,19,42,41,31.2
27-Jan-2017 09:00,1.7,32,3.5,21.8,5,23,9,32,16,25,24,33
27-Jan-2017 10:00,3.9,329,6.7,23,20,1,2,4,24,15,14,26.2
27-Jan-2017 11:00,3.2,327,8.6,24.3,28,1,2,3,18,18,17,36.4
27-Jan-2017 12:00,2.6,333,11.4,24.3,,,,,15,14,14,33.9
27-Jan-2017 13:00,2.3,37,13.1,24,,,,,7,17,17,48
27-Jan-2017 14:00,3.5,22,13.4,24.1,,,,,,,,35.4
27-Jan-2017 15:00,3.5,11,13.6,24,,,,,6,5,5,36.2
27-Jan-2017 16:00,2.8,31,13,23.7,35,0,1,2,3,18,18,38.7
27-Jan-2017 17:00,2.9,62,11,23.6,35,0,2,2,2,15,15,36.2
27-Jan-2017 18:00,1.5,72,9.4,23.8,36,0,1,1,3,15,14,50.9
27-Jan-2017 19:00,1.9,15,8.3,24,34,0,2,2,6,17,17,52.2
27-Jan-2017 20:00,2.2,17,7.2,24.2,28,0,4,5,22,24,24,21.3
27-Jan-2017 21:00,1.8,19,5.7,24.5,22,0,6,7,21,29,28,25.7
27-Jan-2017 22:00,2.4,357,5.3,24.5,23,0,6,6,20,26,25,26.7
27-Jan-2017 23:00,2.5,334,5.4,24.7,,,,,21,23,22,32.3
28-Jan-2017 00:00,1.8,36,4.1,24.9,22,0,4,5,29,29,28,23.4
28-Jan-2017 01:00,2.1,3,4.1,24.5,22,0,4,4,11,26,25,25.7
28-Jan-2017 02:00,2,13,3.4,24.1,19,0,4,5,12,19,18,37.6
28-Jan-2017 03:00,0,231,2,23.6,14,0,3,4,11,23,22,54.4
28-Jan-2017 04:00,1,359,0.6,23.1,6,0,6,6,18,18,17,36.3
28-Jan-2017 05:00,1.1,19,-0.7,22.5,3,1,5,6,6,15,14,24.7
28-Jan-2017 06:00,0.3,143,-1,21.9,1,4,6,10,18,19,18,63.4
28-Jan-2017 07:00,1,173,-0.9,21.4,1,16,9,26,15,22,20,37.2
28-Jan-2017 08:00,1.5,171,0.8,21.4,5,13,8,22,8,27,25,26.9
28-Jan-2017 09:00,1.5,38,3.3,22.1,12,3,4,8,20,15,14,49.6
28-Jan-2017 10:00,2.2,333,7,23.5,21,2,3,5,30,25,24,39.4
28-Jan-2017 11:00,3.8,342,10.8,24.4,30,0,1,2,,16,16,30
28-Jan-2017 12:00,3.4,16,14.6,23.8,37,0,1,1,18,13,13,32.4
28-Jan-2017 13:00,4.3,13,16.6,23.4,41,0,1,1,4,14,15,32.5
28-Jan-2017 14:00,4.2,3,17.2,23.4,41,0,1,1,6,11,12,28.6
28-Jan-2017 15:00,3.2,21,17.4,23.3,40,0,1,1,4,18,18,34.9
28-Jan-2017 16:00,3.1,358,16.2,23.3,37,0,2,2,2,16,16,23.3
28-Jan-2017 17:00,0.8,334,12.4,23.4,21,0,11,11,18,34,34,50.8
28-Jan-2017 18:00,0.5,327,9.1,23.7,9,2,17,20,42,58,57,65.4
28-Jan-2017 19:00,1.9,4,8.3,24,16,1,12,13,25,35,34,15.1
28-Jan-2017 20:00,2.5,6,8.1,24.1,26,0,6,6,19,28,27,26.9
28-Jan-2017 21:00,0.8,34,6.2,24.3,20,0,6,6,27,33,32,43.6
28-Jan-2017 22:00,0.3,14,4.1,24.7,12,0,7,8,22,28,27,53
28-Jan-2017 23:00,0,170,2.6,24.8,,,,,40,43,41,49.5
29-Jan-2017 00:00,0.4,164,1.5,24.8,1,2,9,11,29,31,30,45
29-Jan-2017 01:00,0.3,140,0.4,24,0,6,8,15,19,33,31,58.9
29-Jan-2017 02:00,0.3,158,-0.2,23.3,0,8,7,15,13,30,29,47.9
29-Jan-2017 03:00,0.8,175,-0.7,22.6,0,8,7,16,10,20,19,28
29-Jan-2017 04:00,1.1,184,-0.8,22,0,9,7,16,9,22,21,23.5
29-Jan-2017 05:00,1.6,186,-1.1,21.5,0,10,7,18,22,18,17,16.3
29-Jan-2017 06:00,0.4,91,-1.7,21,0,15,6,21,17,23,21,44.8
29-Jan-2017 07:00,0.6,146,-1.8,20.5,0,17,5,22,4,21,20,28.7
29-Jan-2017 08:00,0.7,131,0,20.6,2,23,6,29,20,20,19,24.9
29-Jan-2017 09:00,1.8,43,3.2,21.5,8,7,4,11,23,20,19,19.6
29-Jan-2017 10:00,1.7,50,7.3,22.9,19,2,3,6,,15,15,38
29-Jan-2017 11:00,2.1,0,10.8,24.2,26,1,2,4,23,16,16,38.7
29-Jan-2017 12:00,4.8,323,13.7,23.9,30,1,2,4,9,16,16,24.8
29-Jan-2017 13:00,4,347,17,23.4,37,0,1,1,6,9,9,30.7
29-Jan-2017 14:00,3.3,43,18.3,23.3,41,0,1,1,2,10,10,36.6
29-Jan-2017 15:00,3,47,17.7,23.3,40,0,1,1,5,8,8,35.8
29-Jan-2017 16:00,2.8,36,16.3,23.2,39,0,1,1,7,6,6,39.5
29-Jan-2017 17:00,2,13,13.7,23.4,37,0,2,2,7,10,10,42.5
29-Jan-2017 18:00,2.7,5,12.2,23.5,39,0,1,1,11,18,18,38.4
29-Jan-2017 19:00,1,342,11.3,23.6,36,0,3,3,11,15,15,77.5
29-Jan-2017 20:00,1.1,2,8.8,23.8,21,0,10,11,15,27,26,55.1
29-Jan-2017 21:00,2,347,9.3,24,29,0,6,6,18,23,22,37.6
29-Jan-2017 22:00,1.8,28,8.2,24.3,29,0,5,5,14,26,25,28.7
29-Jan-2017 23:00,1.7,8,7.7,24.4,,,,,13,20,19,33.6
30-Jan-2017 00:00,1.8,10,6.6,24.4,25,0,4,4,13,23,22,41.3
30-Jan-2017 01:00,0.5,110,4.4,24.6,18,0,4,4,17,17,16,57.3
30-Jan-2017 02:00,0.5,2,2.8,24.4,12,0,6,6,15,17,16,74.3
30-Jan-2017 03:00,1.1,1,1.5,24,7,0,6,6,10,20,19,31.7
30-Jan-2017 04:00,0.8,179,0.8,23.4,4,0,5,6,9,13,12,45.6
30-Jan-2017 05:00,1.2,176,0.4,22.9,0,6,10,16,6,13,12,19.4
30-Jan-2017 06:00,0.5,156,-0.4,22.4,0,21,8,30,4,20,19,56.8
30-Jan-2017 07:00,0.5,66,-0.9,21.9,1,42,9,51,5,24,23,49.9
30-Jan-2017 08:00,0.6,97,1.9,21.9,2,48,11,60,7,33,32,38.1
30-Jan-2017 09:00,1,31,5.7,23,11,12,9,22,,17,16,47.4
30-Jan-2017 10:00,0.9,182,9.7,24.3,21,6,9,15,12,21,21,54.7
30-Jan-2017 11:00,0.3,235,12.3,23.9,27,2,5,8,10,22,21,55.3
30-Jan-2017 12:00,1.5,4,15.2,23.4,28,2,4,6,10,16,16,60
30-Jan-2017 13:00,2.3,31,17.4,23.3,33,1,3,4,8,19,20,36.7
30-Jan-2017 14:00,2.1,32,19.2,23.2,37,0,2,3,5,25,26,41.1
30-Jan-2017 15:00,2.2,9,20.6,23.1,41,0,2,2,3,12,12,29.2
30-Jan-2017 16:00,1.8,343,20.2,23.1,36,0,5,6,1,16,16,22.7
30-Jan-2017 17:00,0.5,220,15.7,23.3,14,2,18,20,4,26,26,32.7
30-Jan-2017 18:00,0.8,188,12.2,23.4,2,11,27,39,6,33,33,43.2
30-Jan-2017 19:00,0.3,168,9.6,23.7,2,6,23,29,8,36,35,52.8
30-Jan-2017 20:00,0.5,199,8,23.9,2,6,20,27,15,76,74,54.8
30-Jan-2017 21:00,0.6,173,6.6,24,1,9,18,28,12,24,23,48.9
30-Jan-2017 22:00,1,174,5.4,24.3,1,6,16,23,17,21,20,19.4
30-Jan-2017 23:00,0.9,158,4.3,24.6,,,,,13,18,18,29.9
31-Jan-2017 00:00,1.8,180,3.7,24.8,5,0,7,8,12,11,10,25.1
31-Jan-2017 01:00,1.7,178,3.1,24.7,4,1,7,9,8,12,11,17.9
31-Jan-2017 02:00,0.3,119,1.9,24.4,1,4,7,12,7,13,12,51.9
31-Jan-2017 03:00,0.4,179,1.4,23.9,0,5,6,11,8,17,16,53.9
31-Jan-2017 04:00,1.4,178,1.1,23.4,0,7,6,13,4,9,9,19.2
31-Jan-2017 05:00,1.5,180,0.7,23,0,12,6,18,4,15,14,22.3
31-Jan-2017 06:00,0.3,84,-0.1,22.5,0,31,5,36,7,20,19,54
31-Jan-2017 07:00,0.4,20,-0.1,22,1,51,5,56,31,37,35,34.4
31-Jan-2017 08:00,0.5,145,2.6,22.2,1,62,7,70,3,22,21,40.9
31-Jan-2017 09:00,0.4,9,6.5,23.4,4,28,9,38,18,19,18,67.2
31-Jan-2017 10:00,0,58,10.6,24.3,11,19,11,31,9,15,15,65.1
31-Jan-2017 11:00,2,26,13.6,23.7,24,2,3,6,7,16,16,41.2
31-Jan-2017 12:00,1.4,42,16.8,23.3,32,1,2,3,4,7,7,52.2
31-Jan-2017 13:00,1.3,287,20,23.2,38,0,2,3,4,5,5,48.1
31-Jan-2017 14:00,5.2,250,20.8,23,48,0,1,2,3,5,5,25.6
31-Jan-2017 15:00,4.3,250,20.3,23.1,48,0,2,2,6,8,8,24.6
31-Jan-2017 16:00,3,249,19.3,23.1,40,0,7,8,7,10,10,18.8
31-Jan-2017 17:00,0.5,180,15.7,23.3,22,2,17,20,3,20,20,47.3
31-Jan-2017 18:00,0.5,204,11.5,23.5,8,3,25,29,6,31,31,57.3
31-Jan-2017 19:00,1.8,195,9.4,23.7,9,2,20,22,8,28,27,21.2
31-Jan-2017 20:00,0.1,121,7.4,23.9,2,4,23,27,14,29,28,66.9
31-Jan-2017 21:00,0.2,178,6.5,24.1,2,4,21,25,11,27,26,41.9
31-Jan-2017 22:00,0.1,239,5.3,24.4,2,2,17,20,12,26,25,57.9
31-Jan-2017 23:00,0.3,184,4.2,24.6,,,,,22,28,27,66.3
