Time,Conc(mg/m3),Qtot(m3),no(V),WS(MPS),no(V),RH(%),no(V),AT(C),E,U,M,I,L,R,N,F,P,D,C,T,
01/01/17 01:00,  0.022, 0.700, 2.342, 111.8, 2.500,    19, 2.500,   1.2,0,0,0,0,0,0,0,0,0,0,0,0,
01/01/17 02:00,  0.022, 0.701, 2.339, 111.8, 2.500,    19, 2.500,   0.3,0,0,0,0,0,0,0,0,0,0,0,0,
01/01/17 03:00,  0.017, 0.700, 2.349, 111.8, 2.500,    19, 2.500,  -0.4,0,0,0,0,0,0,0,0,0,0,0,0,
01/01/17 04:00,  0.013, 0.700, 2.355, 111.8, 2.500,    19, 2.500,  -0.7,0,0,0,0,0,0,0,0,0,0,0,0,
01/01/17 05:00,  0.014, 0.701, 2.353, 111.8, 2.500,    19, 2.500,  -1.4,0,0,0,0,0,0,0,0,0,0,0,0,
01/01/17 06:00,  0.003, 0.700, 2.350, 111.8, 2.500,    19, 2.500,  -1.6,0,0,0,0,0,0,0,0,0,0,0,0,
01/01/17 07:00, -0.005, 0.701, 2.357, 111.8, 2.500,    20, 2.500,  -1.3,0,0,0,0,0,0,0,0,0,0,0,0,
01/01/17 08:00, -0.001, 0.701, 2.352, 111.8, 2.500,    19, 2.500,  -1.6,0,0,0,0,0,0,0,0,0,0,0,0,
01/01/17 09:00,  0.004, 0.701, 2.359, 111.8, 2.500,    21, 2.500,  -0.0,0,0,0,0,0,0,0,0,0,0,0,0,
01/01/17 10:00,  0.009, 0.700, 2.354, 111.8, 2.500,    22, 2.500,   2.4,0,0,0,0,0,0,0,0,0,0,0,0,
01/01/17 11:00,  0.017, 0.700, 2.349, 111.8, 2.500,    20, 2.500,   6.2,0,0,0,0,0,0,0,0,0,0,0,0,
01/01/17 12:00,  0.012, 0.700, 2.358, 111.8, 2.500,    20, 2.500,   8.2,0,0,0,0,0,0,0,0,0,0,0,0,
01/01/17 13:00,  0.008, 0.700, 2.353, 111.8, 2.500,    20, 2.500,   8.9,0,0,0,0,0,0,0,0,0,0,0,0,
01/01/17 14:00,  0.005, 0.700, 2.343, 111.8, 2.500,    20, 2.500,   9.5,0,0,0,0,0,0,0,0,0,0,0,0,
01/01/17 15:00,  0.005, 0.700, 2.342, 111.8, 2.500,    20, 2.500,   9.4,0,0,0,0,0,0,0,0,0,0,0,0,
01/01/17 16:00,  0.003, 0.700, 2.346, 111.8, 2.500,    20, 2.500,   9.0,0,0,0,0,0,0,0,0,0,0,0,0,
01/01/17 17:00,  0.005, 0.700, 2.339, 111.8, 2.500,    21, 2.500,   8.1,0,0,0,0,0,0,0,0,0,0,0,0,
01/01/17 18:00,  0.003, 0.700, 2.346, 111.8, 2.500,    21, 2.500,   7.6,0,0,0,0,0,0,0,0,0,0,0,0,
01/01/17 19:00,  0.003, 0.701, 2.350, 111.8, 2.500,    22, 2.500,   6.6,0,0,0,0,0,0,0,0,0,0,0,0,
01/01/17 20:00,  0.023, 0.700, 2.349,111.760, 2.500,    22, 2.500,   6.4,0,0,0,0,0,0,0,0,0,0,0,0,
01/01/17 21:00,  0.007, 0.700, 2.337, 2.500, 2.500,    20, 2.500,   6.1,0,0,0,0,0,0,0,0,0,0,0,0,
01/01/17 22:00,  0.004, 0.700, 2.345, 2.500, 2.500,    19, 2.500,   4.7,0,0,0,0,0,0,0,0,0,0,0,0,
01/01/17 23:00,  0.004, 0.700, 2.357, 2.500, 2.500,    20, 2.500,   4.0,0,0,0,0,0,0,0,0,0,0,0,0,
01/02/17 00:00,  0.008, 0.700, 2.360, 2.500, 2.500,    20, 2.500,   4.2,0,0,0,0,0,0,0,0,0,0,0,0,
01/02/17 01:00,  0.015, 0.700, 2.351, 2.500, 2.500,    20, 2.500,   4.5,0,0,0,0,0,0,0,0,0,0,0,0,
01/02/17 02:00,  0.008, 0.700, 2.358, 2.500, 2.500,    20, 2.500,   4.4,0,0,0,0,0,0,0,0,0,0,0,0,
01/02/17 03:00,  0.008, 0.700, 2.352, 2.500, 2.500,    20, 2.500,   4.1,0,0,0,0,0,0,0,0,0,0,0,0,
01/02/17 04:00,  0.008, 0.700, 2.353, 2.500, 2.500,    20, 2.500,   3.6,0,0,0,0,0,0,0,0,0,0,0,0,
01/02/17 05:00,  0.006, 0.700, 2.350, 2.500, 2.500,    20, 2.500,   3.8,0,0,0,0,0,0,0,0,0,0,0,0,
01/02/17 06:00,  0.006, 0.700, 2.352, 2.500, 2.500,    20, 2.500,   3.5,0,0,0,0,0,0,0,0,0,0,0,0,
01/02/17 07:00,  0.007, 0.700, 2.360, 2.500, 2.500,    20, 2.500,   3.1,0,0,0,0,0,0,0,0,0,0,0,0,
01/02/17 08:00,  0.004, 0.700, 2.352, 2.500, 2.500,    20, 2.500,   3.1,0,0,0,0,0,0,0,0,0,0,0,0,
01/02/17 09:00,  0.002, 0.700, 2.347, 2.500, 2.500,    20, 2.500,   3.9,0,0,0,0,0,0,0,0,0,0,0,0,
01/02/17 10:00,  0.005, 0.700, 2.356, 2.500, 2.500,    19, 2.500,   6.7,0,0,0,0,0,0,0,0,0,0,0,0,
01/02/17 11:00,  0.006, 0.700, 2.350, 2.500, 2.500,    19, 2.500,   8.5,0,0,0,0,0,0,0,0,0,0,0,0,
01/02/17 12:00,  0.006, 0.700, 2.354, 2.500, 2.500,    18, 2.500,   9.1,0,0,0,0,0,0,0,0,0,0,0,0,
01/02/17 13:00,  0.008, 0.700, 2.356, 2.500, 2.500,    18, 2.500,   9.4,0,0,0,0,0,0,0,0,0,0,0,0,
01/02/17 14:00,  0.008, 0.700, 2.358, 2.500, 2.500,    18, 2.500,  10.0,0,0,0,0,0,0,0,0,0,0,0,0,
01/02/17 15:00,  0.009, 0.700, 2.355, 2.500, 2.500,    19, 2.500,  10.4,0,0,0,0,0,0,0,0,0,0,0,0,
01/02/17 16:00,  0.008, 0.700, 2.365, 2.500, 2.500,    19, 2.500,   9.6,0,0,0,0,0,0,0,0,0,0,0,0,
01/02/17 17:00,  0.008, 0.700, 2.355, 2.500, 2.500,    20, 2.500,   8.6,0,0,0,0,0,0,0,0,0,0,0,0,
01/02/17 18:00,  0.017, 0.700, 2.365, 2.500, 2.500,    21, 2.500,   8.2,0,0,0,0,0,0,0,0,0,0,0,0,
01/02/17 19:00,  0.012, 0.700, 2.368, 2.500, 2.500,    21, 2.500,   7.5,0,0,0,0,0,0,0,0,0,0,0,0,
01/02/17 20:00,  0.012, 0.700, 2.351, 2.500, 2.500,    21, 2.500,   7.0,0,0,0,0,0,0,0,0,0,0,0,0,
01/02/17 21:00,  0.019, 0.700, 2.358, 2.500, 2.500,    21, 2.500,   5.4,0,0,0,0,0,0,0,0,0,0,0,0,
01/02/17 22:00,  0.025, 0.700, 2.361, 2.500, 2.500,    22, 2.500,   4.1,0,0,0,0,0,0,0,0,0,0,0,0,
01/02/17 23:00,  0.015, 0.700, 2.373, 2.500, 2.500,    21, 2.500,   4.4,0,0,0,0,0,0,0,0,0,0,0,0,
01/03/17 00:00,  0.021, 0.700, 2.357, 2.500, 2.500,    21, 2.500,   4.8,0,0,0,0,0,0,0,0,0,0,0,0,
01/03/17 01:00,  0.015, 0.700, 2.360, 2.500, 2.500,    21, 2.500,   4.9,0,0,0,0,0,0,0,0,0,0,0,0,
01/03/17 02:00,  0.015, 0.700, 2.358, 2.500, 2.500,    21, 2.500,   3.9,0,0,0,0,0,0,0,0,0,0,0,0,
01/03/17 03:00,  0.009, 0.700, 2.365, 2.500, 2.500,    21, 2.500,   3.3,0,0,0,0,0,0,0,0,0,0,0,0,
01/03/17 04:00,  0.008, 0.700, 2.366, 2.500, 2.500,    21, 2.500,   2.9,0,0,0,0,0,0,0,0,0,0,0,0,
01/03/17 05:00,  0.008, 0.700, 2.369, 2.500, 2.500,    21, 2.500,   3.2,0,0,0,0,0,0,0,0,0,0,0,0,
01/03/17 06:00,  0.008, 0.700, 2.367, 2.500, 2.500,    21, 2.500,   3.1,0,0,0,0,0,0,0,0,0,0,0,0,
01/03/17 07:00,  0.011, 0.700, 2.363, 2.500, 2.500,    21, 2.500,   3.3,0,0,0,0,0,0,0,0,0,0,0,0,
01/03/17 08:00,  0.011, 0.700, 2.358, 2.500, 2.500,    21, 2.500,   3.5,0,0,0,0,0,0,0,0,0,0,0,0,
01/03/17 09:00,  0.010, 0.700, 2.358, 2.500, 2.500,    21, 2.500,   4.6,0,0,0,0,0,0,0,0,0,0,0,0,
01/03/17 10:00,  0.011, 0.700, 2.352, 2.500, 2.500,    21, 2.500,   7.5,0,0,0,0,0,0,0,0,0,0,0,0,
01/03/17 11:00,  0.009, 0.700, 2.350, 2.500, 2.500,    21, 2.500,   9.9,0,0,0,0,0,0,0,0,0,0,0,0,
01/03/17 12:00,  0.007, 0.700, 2.367, 2.500, 2.500,    21, 2.500,  12.5,0,0,0,0,0,0,0,0,0,0,0,0,
01/03/17 13:00,  0.002, 0.700, 2.343, 2.500, 2.500,    21, 2.500,  12.6,0,0,0,0,0,0,0,0,0,0,0,0,
01/03/17 14:00,  0.002, 0.700, 2.357, 2.500, 2.500,    22, 2.500,  12.1,0,0,0,0,0,0,0,0,0,0,0,0,
01/03/17 15:00,  0.005, 0.700, 2.353, 2.500, 2.500,    23, 2.500,  12.0,0,0,0,0,0,0,0,0,0,0,0,0,
01/03/17 16:00,  0.005, 0.700, 2.360, 2.500, 2.500,    24, 2.500,  11.7,0,0,0,0,0,0,0,0,0,0,0,0,
01/03/17 17:00,  0.005, 0.701, 2.358, 2.500, 2.500,    25, 2.500,  11.4,0,0,0,0,0,0,0,0,0,0,0,0,
01/03/17 18:00,  0.003, 0.700, 105.2, 2.500, 2.500,    26, 111.8,  10.8,0,0,0,0,0,0,0,0,0,0,0,0,
01/03/17 19:00,  0.003, 0.700, 105.6, 2.500, 2.500,    26, 111.8,  10.5,0,0,0,0,0,0,0,0,0,0,0,0,
01/03/17 20:00,  0.003, 0.700, 105.9, 2.500, 2.500,    26, 111.8,  10.7,0,0,0,0,0,0,0,0,0,0,0,0,
01/03/17 21:00,  0.001, 0.700, 105.7, 2.500, 2.500,    27, 111.8,  10.0,0,0,0,0,0,0,0,0,0,0,0,0,
01/03/17 22:00,  0.004, 0.700, 105.6, 2.500, 2.500,    28, 111.8,   9.4,0,0,0,0,0,0,0,0,0,0,0,0,
01/03/17 23:00,  0.003, 0.700, 105.6, 2.500, 2.500,    28, 111.8,   9.2,0,0,0,0,0,0,0,0,0,0,0,0,
01/04/17 00:00,  0.001, 0.700, 105.9, 2.500, 2.500,    29, 111.8,   9.4,0,0,0,0,0,0,0,0,0,0,0,0,
01/04/17 01:00, -0.002, 0.700, 105.4, 2.500, 2.500,    28, 111.8,   9.5,0,0,0,0,0,0,0,0,0,0,0,0,
01/04/17 02:00, -0.005, 0.700, 105.8, 2.500, 2.500,    29, 111.8,   9.6,0,0,0,0,0,0,0,0,0,0,0,0,
01/04/17 03:00, -0.001, 0.700, 105.3, 2.500, 2.500,    29, 111.8,   9.7,0,0,0,0,0,0,0,0,0,0,0,0,
01/04/17 04:00,  0.000, 0.700, 105.7, 2.500, 2.500,    29, 111.8,   9.7,0,0,0,0,0,0,0,0,0,0,0,0,
01/04/17 05:00, -0.000, 0.701, 106.2, 2.500, 2.500,    30, 111.8,  10.2,0,0,0,0,0,0,0,0,0,0,0,0,
01/04/17 06:00, -0.001, 0.701, 106.1, 2.500, 2.500,    31, 111.8,  10.4,0,0,0,0,0,0,0,0,0,0,0,0,
01/04/17 07:00, -0.003, 0.701, 105.6, 2.500, 2.500,    31, 111.8,  10.5,0,0,0,0,0,0,0,0,0,0,0,0,
01/04/17 08:00, -0.001, 0.700, 105.6, 2.500, 2.500,    31, 111.8,  10.7,0,0,0,0,0,0,0,0,0,0,0,0,
01/04/17 09:00, -0.002, 0.701, 105.8, 2.500, 2.500,    31, 111.8,  10.7,0,0,0,0,0,0,0,0,0,0,0,0,
01/04/17 10:00, -0.002, 0.701, 106.0, 2.500, 2.500,    31, 111.8,  11.2,0,0,0,0,0,0,0,0,0,0,0,0,
01/04/17 11:00, -0.000, 0.701, 105.8, 2.500, 2.500,    32, 111.8,  11.2,0,0,0,0,0,0,0,0,0,0,0,0,
01/04/17 12:00,  0.002, 0.700, 105.1, 2.500, 2.500,    32, 111.8,  11.6,0,0,0,0,0,0,0,0,0,0,0,0,
01/04/17 13:00,  0.000, 0.700, 104.9, 2.500, 2.500,    32, 111.8,  12.3,0,0,0,0,0,0,0,0,0,0,0,0,
01/04/17 14:00, -0.002, 0.701, 105.6, 2.500, 2.500,    33, 111.8,  12.7,0,0,0,0,0,0,0,0,0,0,0,0,
01/04/17 15:00, -0.002, 0.700, 105.6, 2.500, 2.500,    33, 111.8,  12.9,0,0,0,0,0,0,0,0,0,0,0,0,
01/04/17 16:00, -0.002, 0.700, 105.4, 2.500, 2.500,    33, 111.8,  12.5,0,0,0,0,0,0,0,0,0,0,0,0,
01/04/17 17:00, -0.003, 0.700, 105.2, 2.500, 2.500,    33, 111.8,  12.2,0,0,0,0,0,0,0,0,0,0,0,0,
01/04/17 18:00, -0.004, 0.700, 105.5, 2.500, 2.500,    33, 111.8,  11.9,0,0,0,0,0,0,0,0,0,0,0,0,
01/04/17 19:00, -0.002, 0.701, 105.4, 2.500, 2.500,    33, 111.8,  11.8,0,0,0,0,0,0,0,0,0,0,0,0,
01/04/17 20:00, -0.001, 0.700, 105.6, 2.500, 2.500,    33, 111.8,  11.8,0,0,0,0,0,0,0,0,0,0,0,0,
01/04/17 21:00, -0.001, 0.700, 105.3, 2.500, 2.500,    33, 111.8,  11.7,0,0,0,0,0,0,0,0,0,0,0,0,
01/04/17 22:00,  0.000, 0.700, 105.8, 2.500, 2.500,    33, 111.8,  11.9,0,0,0,0,0,0,0,0,0,0,0,0,
01/04/17 23:00, -0.002, 0.700, 105.9, 2.500, 2.500,    33, 111.8,  12.0,0,0,0,0,0,0,0,0,0,0,0,0,
01/05/17 00:00, -0.002, 0.700, 106.0, 2.500, 2.500,    33, 111.8,  11.9,0,0,0,0,0,0,0,0,0,0,0,0,
01/05/17 01:00, -0.002, 0.700, 105.1, 2.500, 2.500,    33, 111.8,  11.8,0,0,0,0,0,0,0,0,0,0,0,0,
01/05/17 02:00, -0.004, 0.700, 105.3, 2.500, 2.500,    33, 111.8,  11.8,0,0,0,0,0,0,0,0,0,0,0,0,
01/05/17 03:00, -0.004, 0.700, 105.6, 2.500, 2.500,    34, 111.8,  12.0,0,0,0,0,0,0,0,0,0,0,0,0,
01/05/17 04:00, -0.003, 0.700, 105.1, 2.500, 2.500,    33, 111.8,  11.8,0,0,0,0,0,0,0,0,0,0,0,0,
01/05/17 05:00, -0.001, 0.700, 105.0, 2.500, 2.500,    33, 111.8,  11.5,0,0,0,0,0,0,0,0,0,0,0,0,
01/05/17 06:00,  0.000, 0.700, 105.5, 2.500, 2.500,    33, 111.8,  11.3,0,0,0,0,0,0,0,0,0,0,0,0,
01/05/17 07:00, -0.003, 0.700, 105.6, 2.500, 2.500,    33, 111.8,  11.3,0,0,0,0,0,0,0,0,0,0,0,0,
01/05/17 08:00, -0.001, 0.700, 105.5, 2.500, 2.500,    32, 111.8,  11.0,0,0,0,0,0,0,0,0,0,0,0,0,
01/05/17 09:00,  0.003, 0.700, 105.6, 2.500, 2.500,    32, 111.8,  10.9,0,0,0,0,0,0,0,0,0,0,0,0,
01/05/17 10:00,  0.002, 0.700, 104.8, 2.500, 2.500,    30, 111.8,  11.4,0,0,0,0,0,0,0,0,0,0,0,0,
01/05/17 11:00, -0.001, 0.700, 105.2, 2.500, 2.500,    28, 111.8,  13.0,0,0,0,0,0,0,0,0,0,0,0,0,
01/05/17 12:00, -0.004, 0.700, 105.0, 2.500, 2.500,    26, 111.8,  13.4,0,0,0,0,0,0,0,0,0,0,0,0,
01/05/17 13:00, -0.003, 0.700, 104.8, 2.500, 2.500,    25,111.760,  13.0,0,0,0,0,0,0,0,0,0,0,0,0,
01/05/17 14:00,  0.001, 0.700, 2.350, 2.500, 2.500,    24, 2.500,  13.2,0,0,0,0,0,0,0,0,0,0,0,0,
01/05/17 15:00,  0.004, 0.700, 2.350, 2.500, 2.500,    23, 2.500,  13.1,0,0,0,0,0,0,0,0,0,0,0,0,
01/05/17 16:00,  0.004, 0.700, 2.353, 2.500, 2.500,    22, 2.500,  12.2,0,0,0,0,0,0,0,0,0,0,0,0,
01/05/17 17:00,  0.001, 0.700, 2.351, 2.500, 2.500,    22, 2.500,   9.9,0,0,0,0,0,0,0,0,0,0,0,0,
01/05/17 18:00,  0.001, 0.700, 2.353, 2.500, 2.500,    23, 2.500,   8.0,0,0,0,0,0,0,0,0,0,0,0,0,
01/05/17 19:00,  0.004, 0.700, 2.358, 2.500, 2.500,    24, 2.500,   6.7,0,0,0,0,0,0,0,0,0,0,0,0,
01/05/17 20:00,  0.008, 0.700, 2.360, 2.500, 2.500,    23, 2.500,   4.9,0,0,0,0,0,0,0,0,0,0,0,0,
01/05/17 21:00,  0.010, 0.700, 2.358, 2.500, 2.500,    22, 2.500,   3.8,0,0,0,0,0,0,0,0,0,0,0,0,
01/05/17 22:00,  0.008, 0.700, 2.352, 2.500, 2.500,    22, 2.500,   4.5,0,0,0,0,0,0,0,0,0,0,0,0,
01/05/17 23:00,  0.006, 0.700, 2.360, 2.500, 2.500,    21, 2.500,   5.3,0,0,0,0,0,0,0,0,0,0,0,0,
01/06/17 00:00,  0.004, 0.700, 2.350, 2.500, 2.500,    20, 2.500,   4.5,0,0,0,0,0,0,0,0,0,0,0,0,
01/06/17 01:00,  0.004, 0.700, 2.349, 2.500, 2.500,    20, 2.500,   3.2,0,0,0,0,0,0,0,0,0,0,0,0,
01/06/17 02:00,  0.003, 0.700, 2.355, 2.500, 2.500,    20, 2.500,   1.4,0,0,0,0,0,0,0,0,0,0,0,0,
01/06/17 03:00,  0.004, 0.700, 2.363, 2.500, 2.500,    20, 2.500,   0.6,0,0,0,0,0,0,0,0,0,0,0,0,
01/06/17 04:00,  0.001, 0.700, 2.358, 2.500, 2.500,    19, 2.500,   0.1,0,0,0,0,0,0,0,0,0,0,0,0,
01/06/17 05:00, -0.003, 0.701, 2.357, 2.500, 2.500,    20, 2.500,  -0.5,0,0,0,0,0,0,0,0,0,0,0,0,
01/06/17 06:00, -0.006, 0.701, 2.356, 2.500, 2.500,    19, 2.500,  -0.8,0,0,0,0,0,0,0,0,0,0,0,0,
01/06/17 07:00, -0.005, 0.700, 2.366, 2.500, 2.500,    20, 2.500,  -1.0,0,0,0,0,0,0,0,0,0,0,0,0,
01/06/17 08:00,  0.002, 0.700, 2.367, 2.500, 2.500,    20, 2.500,  -1.4,0,0,0,0,0,0,0,0,0,0,0,0,
01/06/17 09:00,  0.006, 0.701, 2.371, 2.500, 2.500,    21, 2.500,   0.9,0,0,0,0,0,0,0,0,0,0,0,0,
01/06/17 10:00,  0.008, 0.700, 2.367, 2.500, 2.500,    21, 2.500,   4.7,0,0,0,0,0,0,0,0,0,0,0,0,
01/06/17 11:00,  0.021, 0.700, 2.371, 2.500, 2.500,    17, 2.500,   7.0,0,0,0,0,0,0,0,0,0,0,0,0,
01/06/17 12:00, -0.001, 0.700, 2.346, 2.500, 2.500,    17, 2.500,   9.0,0,0,0,0,0,0,0,0,0,0,0,0,
01/06/17 13:00, -0.002, 0.701, 2.342, 2.500, 2.500,    17, 2.500,  10.9,0,0,0,0,0,0,0,0,0,0,0,0,
01/06/17 14:00, -0.004, 0.700, 2.344, 2.500, 2.500,    18, 2.500,  12.7,0,0,0,0,0,0,0,0,0,0,0,0,
01/06/17 15:00,  0.000, 0.700, 2.353, 2.500, 2.500,    19, 2.500,  13.2,0,0,0,0,0,0,0,0,0,0,0,0,
01/06/17 16:00,  0.002, 0.700, 2.360, 2.500, 2.500,    19, 2.500,  13.1,0,0,0,0,0,0,0,0,0,0,0,0,
01/06/17 17:00, -0.000, 0.700, 2.353, 2.500, 2.500,    20, 2.500,  11.2,0,0,0,0,0,0,0,0,0,0,0,0,
01/06/17 18:00,  0.002, 0.700, 2.361, 2.500, 2.500,    22, 2.500,   9.1,0,0,0,0,0,0,0,0,0,0,0,0,
01/06/17 19:00,  0.016, 0.700, 2.360, 2.500, 2.500,    23, 2.500,   6.8,0,0,0,0,0,0,0,0,0,0,0,0,
01/06/17 20:00,  0.017, 0.700, 2.361, 2.500, 2.500,    23, 2.500,   6.7,0,0,0,0,0,0,0,0,0,0,0,0,
01/06/17 21:00,  0.035, 0.701, 2.363, 2.500, 2.500,    23, 2.500,   6.8,0,0,0,0,0,0,0,0,0,0,0,0,
01/06/17 22:00,  0.011, 0.700, 2.361, 2.500, 2.500,    23, 2.500,   6.8,0,0,0,0,0,0,0,0,0,0,0,0,
01/06/17 23:00,  0.020, 0.700, 2.363, 2.500, 2.500,    24, 2.500,   6.9,0,0,0,0,0,0,0,0,0,0,0,0,
01/07/17 00:00,  0.017, 0.700, 2.358, 2.500, 2.500,    24, 2.500,   6.6,0,0,0,0,0,0,0,0,0,0,0,0,
01/07/17 01:00,  0.007, 0.700, 2.363, 2.500, 2.500,    25, 2.500,   7.2,0,0,0,0,0,0,0,0,0,0,0,0,
01/07/17 02:00,  0.004, 0.701, 2.362, 2.500, 2.500,    24, 2.500,   7.7,0,0,0,0,0,0,0,0,0,0,0,0,
01/07/17 03:00,  0.000, 0.700, 2.351, 2.500, 2.500,    24, 2.500,   7.9,0,0,0,0,0,0,0,0,0,0,0,0,
01/07/17 04:00,  0.002, 0.700, 2.357, 2.500, 2.500,    26, 2.500,   7.3,0,0,0,0,0,0,0,0,0,0,0,0,
01/07/17 05:00,  0.005, 0.700, 2.349, 2.500, 2.500,    26, 2.500,   7.0,0,0,0,0,0,0,0,0,0,0,0,0,
01/07/17 06:00,  0.004, 0.700, 2.352, 2.500, 2.500,    26, 2.500,   6.9,0,0,0,0,0,0,0,0,0,0,0,0,
01/07/17 07:00,  0.003, 0.700, 2.356, 2.500, 2.500,    27, 2.500,   7.3,0,0,0,0,0,0,0,0,0,0,0,0,
01/07/17 08:00,  0.004, 0.700, 2.352, 2.500, 2.500,    29, 2.500,   9.6,0,0,0,0,0,0,0,0,0,0,0,0,
01/07/17 09:00,  0.002, 0.701, 2.355, 2.500, 2.500,    29, 2.500,  10.7,0,0,0,0,0,0,0,0,0,0,0,0,
01/07/17 10:00,  0.001, 0.700, 2.365, 2.500, 2.500,    30, 2.500,  12.4,0,0,0,0,0,0,0,0,0,0,0,0,
01/07/17 11:00, -0.001, 0.700, 2.359, 111.8, 2.500,    30, 2.500,  12.8,0,0,0,0,0,0,0,0,0,0,0,0,
01/07/17 12:00, -0.002, 0.700, 2.365, 111.8, 2.500,    30, 2.500,  13.1,0,0,0,0,0,0,0,0,0,0,0,0,
01/07/17 13:00,  0.003, 0.700, 2.360, 111.8, 2.500,    29, 2.500,  12.8,0,0,0,0,0,0,0,0,0,0,0,0,
01/07/17 14:00,  0.001, 0.701, 2.368, 111.8, 2.500,    29, 2.500,  12.0,0,0,0,0,0,0,0,0,0,0,0,0,
01/07/17 15:00,  0.985, 0.000, 0.951,  18.5, 0.279,    31, 0.680,  10.8,0,0,0,0,1,0,0,0,0,0,0,0,
01/07/17 16:00, -0.005, 0.701, 2.060,  85.2, 1.674,    30, 1.477,  10.9,0,0,0,0,0,0,0,0,0,0,0,0,
01/07/17 17:00, -0.002, 0.701, 2.341, 111.8, 2.500,    30, 2.497,  10.4,0,0,0,0,0,0,0,0,0,0,0,0,
01/07/17 18:00,  0.002, 0.700, 2.317, 111.8, 2.500,    31, 2.500,  10.8,0,0,0,0,0,0,0,0,0,0,0,0,
01/07/17 19:00,  0.001, 0.700, 2.350, 111.8, 2.500,    31, 2.500,  11.4,0,0,0,0,0,0,0,0,0,0,0,0,
01/07/17 20:00, -0.001, 0.700, 2.372, 111.8, 2.500,    32, 2.500,  11.7,0,0,0,0,0,0,0,0,0,0,0,0,
01/07/17 21:00,  0.003, 0.701, 2.375, 111.8, 2.500,    32, 2.500,  11.7,0,0,0,0,0,0,0,0,0,0,0,0,
01/07/17 22:00,  0.002, 0.700, 2.377, 111.8, 2.500,    32, 2.500,  12.0,0,0,0,0,0,0,0,0,0,0,0,0,
01/07/17 23:00, -0.000, 0.700, 2.365, 111.8, 2.500,    32, 2.500,  11.5,0,0,0,0,0,0,0,0,0,0,0,0,
01/08/17 00:00, -0.001, 0.700, 2.370, 111.8, 2.500,    32, 2.500,  12.3,0,0,0,0,0,0,0,0,0,0,0,0,
01/08/17 01:00, -0.001, 0.700, 2.360, 111.8, 2.500,    32, 2.500,  11.5,0,0,0,0,0,0,0,0,0,0,0,0,
01/08/17 02:00,  0.002, 0.700, 2.364, 111.8, 2.500,    31, 2.500,  11.7,0,0,0,0,0,0,0,0,0,0,0,0,
01/08/17 03:00,  0.002, 0.700, 2.368, 111.8, 2.500,    27, 2.500,  13.0,0,0,0,0,0,0,0,0,0,0,0,0,
01/08/17 04:00,  0.002, 0.700, 2.366, 111.8, 2.500,    25, 2.500,  13.4,0,0,0,0,0,0,0,0,0,0,0,0,
01/08/17 05:00, -0.000, 0.700, 2.363, 111.8, 2.500,    24, 2.500,  13.9,0,0,0,0,0,0,0,0,0,0,0,0,
01/08/17 06:00, -0.001, 0.700, 2.366, 111.8, 2.500,    23, 2.500,  15.0,0,0,0,0,0,0,0,0,0,0,0,0,
01/08/17 07:00, -0.001, 0.701, 2.360, 111.8, 2.500,    23, 2.500,  16.0,0,0,0,0,0,0,0,0,0,0,0,0,
01/08/17 08:00,  0.001, 0.701, 2.360, 111.8, 2.500,    23, 2.500,  16.7,0,0,0,0,0,0,0,0,0,0,0,0,
01/08/17 09:00,  0.004, 0.701, 2.368, 111.8, 2.500,    22, 2.500,  16.8,0,0,0,0,0,0,0,0,0,0,0,0,
01/08/17 10:00,  0.002, 0.700, 2.355, 111.8, 2.500,    21, 2.500,  17.6,0,0,0,0,0,0,0,0,0,0,0,0,
01/08/17 11:00,  0.002, 0.700, 2.373, 111.8, 2.500,    21, 2.500,  17.8,0,0,0,0,0,0,0,0,0,0,0,0,
01/08/17 12:00,  0.002, 0.700, 2.358, 111.8, 2.500,    21, 2.500,  18.3,0,0,0,0,0,0,0,0,0,0,0,0,
01/08/17 13:00,  0.001, 0.701, 2.360, 111.8, 2.500,    22, 2.500,  18.4,0,0,0,0,0,0,0,0,0,0,0,0,
01/08/17 14:00,  0.000, 0.700, 2.369, 111.8, 2.500,    23, 2.500,  18.1,0,0,0,0,0,0,0,0,0,0,0,0,
01/08/17 15:00, -0.002, 0.700, 2.353, 111.8, 2.500,    23, 2.500,  17.7,0,0,0,0,0,0,0,0,0,0,0,0,
01/08/17 16:00,  0.003, 0.700, 2.357, 111.8, 2.500,    25, 2.500,  16.4,0,0,0,0,0,0,0,0,0,0,0,0,
01/08/17 17:00,  0.004, 0.700, 2.361, 111.8, 2.500,    26, 2.500,  15.1,0,0,0,0,0,0,0,0,0,0,0,0,
01/08/17 18:00,  0.001, 0.701, 2.369, 111.8, 2.500,    28, 2.500,  13.1,0,0,0,0,0,0,0,0,0,0,0,0,
01/08/17 19:00,  0.003, 0.701, 2.353, 111.8, 2.500,    31, 2.500,  10.9,0,0,0,0,0,0,0,0,0,0,0,0,
01/08/17 20:00,  0.002, 0.700, 2.364, 111.8, 2.500,    31, 2.500,  10.9,0,0,0,0,0,0,0,0,0,0,0,0,
01/08/17 21:00, -0.003, 0.700, 2.353, 111.8, 2.500,    32, 2.500,  11.5,0,0,0,0,0,0,0,0,0,0,0,0,
01/08/17 22:00, -0.005, 0.701, 2.365, 111.8, 2.500,    32, 2.500,  11.2,0,0,0,0,0,0,0,0,0,0,0,0,
01/08/17 23:00, -0.003, 0.700, 2.362, 111.8, 2.500,    33, 2.500,  12.2,0,0,0,0,0,0,0,0,0,0,0,0,
01/09/17 00:00, -0.005, 0.700, 2.361, 111.8, 2.500,    33, 2.500,  11.9,0,0,0,0,0,0,0,0,0,0,0,0,
01/09/17 01:00, -0.008, 0.700, 2.352, 111.8, 2.500,    32, 2.500,  11.8,0,0,0,0,0,0,0,0,0,0,0,0,
01/09/17 02:00, -0.006, 0.701, 2.357, 111.8, 2.500,    34, 2.500,  12.4,0,0,0,0,0,0,0,0,0,0,0,0,
01/09/17 03:00, -0.002, 0.700, 2.353, 111.8, 2.500,    34, 2.500,  12.7,0,0,0,0,0,0,0,0,0,0,0,0,
01/09/17 04:00, -0.001, 0.701, 2.363, 111.8, 2.500,    34, 2.500,  12.6,0,0,0,0,0,0,0,0,0,0,0,0,
01/09/17 05:00, -0.002, 0.700, 2.368, 111.8, 2.500,    34, 2.500,  12.3,0,0,0,0,0,0,0,0,0,0,0,0,
01/09/17 06:00, -0.002, 0.701, 2.363, 111.8, 2.500,    33, 2.500,  11.6,0,0,0,0,0,0,0,0,0,0,0,0,
01/09/17 07:00,  0.000, 0.700, 105.4, 2.500, 2.500,    31, 2.500,  11.2,0,0,0,0,0,0,0,0,0,0,0,0,
01/09/17 08:00,  0.003, 0.701, 105.9, 2.500, 2.500,    30, 2.500,  10.5,0,0,0,0,0,0,0,0,0,0,0,0,
01/09/17 09:00,  0.003, 0.700, 105.4, 2.500, 2.500,    30, 2.500,  10.3,0,0,0,0,0,0,0,0,0,0,0,0,
01/09/17 10:00, -0.001, 0.701, 106.0, 2.500, 2.500,    30, 2.500,  11.6,0,0,0,0,0,0,0,0,0,0,0,0,
01/09/17 11:00, -0.001, 0.700, 106.1, 2.500, 2.500,    28, 2.500,  12.3,0,0,0,0,0,0,0,0,0,0,0,0,
01/09/17 12:00,  0.003, 0.700, 105.2, 2.500, 2.500,    27, 2.500,  13.0,0,0,0,0,0,0,0,0,0,0,0,0,
01/09/17 13:00,  0.001, 0.700, 105.7, 2.500, 2.500,    25, 2.500,  13.3,0,0,0,0,0,0,0,0,0,0,0,0,
01/09/17 14:00, -0.001, 0.700, 105.5, 2.500, 2.500,    25, 2.500,  13.5,0,0,0,0,0,0,0,0,0,0,0,0,
01/09/17 15:00,  0.001, 0.700, 105.5, 2.500, 2.500,    25, 2.500,  13.4,0,0,0,0,0,0,0,0,0,0,0,0,
01/09/17 16:00,  0.004, 0.700, 105.2, 2.500, 2.500,    25, 2.500,  12.8,0,0,0,0,0,0,0,0,0,0,0,0,
01/09/17 17:00,  0.003, 0.701, 105.7, 2.500, 2.500,    26, 2.500,  11.9,0,0,0,0,0,0,0,0,0,0,0,0,
01/09/17 18:00,  0.000, 0.701, 105.9, 2.500, 2.500,    26, 2.500,  11.5,0,0,0,0,0,0,0,0,0,0,0,0,
01/09/17 19:00,  0.003, 0.701, 105.6, 2.500, 2.500,    28, 2.500,  10.7,0,0,0,0,0,0,0,0,0,0,0,0,
01/09/17 20:00,  0.002, 0.700, 105.6, 2.500, 2.500,    30, 2.500,   9.8,0,0,0,0,0,0,0,0,0,0,0,0,
01/09/17 21:00,  0.001, 0.700, 105.8, 2.500, 2.500,    29, 2.500,   9.3,0,0,0,0,0,0,0,0,0,0,0,0,
01/09/17 22:00,  0.002, 0.700, 105.5, 2.500, 2.500,    29, 2.500,   9.5,0,0,0,0,0,0,0,0,0,0,0,0,
01/09/17 23:00,  0.001, 0.701, 105.6, 2.500, 2.500,    29, 2.500,   9.4,0,0,0,0,0,0,0,0,0,0,0,0,
01/10/17 00:00,  0.002, 0.700, 105.9, 2.500, 2.500,    29, 2.500,   9.7,0,0,0,0,0,0,0,0,0,0,0,0,
01/10/17 01:00,  0.002, 0.700, 105.4, 2.500, 2.500,    29, 2.500,   9.6,0,0,0,0,0,0,0,0,0,0,0,0,
01/10/17 02:00, -0.002, 0.700, 105.4, 2.500, 2.500,    29, 2.500,   9.4,0,0,0,0,0,0,0,0,0,0,0,0,
01/10/17 03:00, -0.003, 0.700, 105.1, 2.500, 2.500,    29, 2.500,   9.4,0,0,0,0,0,0,0,0,0,0,0,0,
01/10/17 04:00, -0.003, 0.701, 105.7, 2.500, 2.500,    29, 2.500,   9.4,0,0,0,0,0,0,0,0,0,0,0,0,
01/10/17 05:00, -0.004, 0.700, 105.5, 2.500, 2.500,    29, 2.500,   9.3,0,0,0,0,0,0,0,0,0,0,0,0,
01/10/17 06:00, -0.001, 0.700, 105.8, 2.500, 2.500,    29, 2.500,   9.2,0,0,0,0,0,0,0,0,0,0,0,0,
01/10/17 07:00,  0.001, 0.700, 105.6, 2.500, 2.500,    29, 2.500,   9.0,0,0,0,0,0,0,0,0,0,0,0,0,
01/10/17 08:00, -0.001, 0.700, 105.7, 2.500, 2.500,    30, 2.500,   9.5,0,0,0,0,0,0,0,0,0,0,0,0,
01/10/17 09:00, -0.001, 0.700, 105.6, 2.500, 2.500,    30, 2.500,  10.2,0,0,0,0,0,0,0,0,0,0,0,0,
01/10/17 10:00,  0.001, 0.701, 105.8, 2.500, 2.500,    31, 2.500,  11.2,0,0,0,0,0,0,0,0,0,0,0,0,
01/10/17 11:00, -0.002, 0.700, 105.9, 2.500, 2.500,    31, 2.500,  11.8,0,0,0,0,0,0,0,0,0,0,0,0,
01/10/17 12:00, -0.006, 0.700, 105.4, 2.500, 2.500,    31, 2.500,  12.2,0,0,0,0,0,0,0,0,0,0,0,0,
01/10/17 13:00, -0.005, 0.700, 105.6, 2.500, 2.500,    31, 2.500,  11.9,0,0,0,0,0,0,0,0,0,0,0,0,
01/10/17 14:00, -0.001, 0.700, 105.6, 2.500, 2.500,    31, 2.500,  12.2,0,0,0,0,0,0,0,0,0,0,0,0,
01/10/17 15:00,  0.001, 0.700, 105.2, 2.500, 2.500,    30, 2.500,  12.6,0,0,0,0,0,0,0,0,0,0,0,0,
01/10/17 16:00, -0.001, 0.701, 105.7, 2.500, 2.500,    31, 2.500,  11.7,0,0,0,0,0,0,0,0,0,0,0,0,
01/10/17 17:00, -0.004, 0.701, 105.5, 2.500, 2.500,    32, 2.500,  11.2,0,0,0,0,0,0,0,0,0,0,0,0,
01/10/17 18:00, -0.001, 0.701, 105.6, 2.500, 2.500,    32, 2.500,  11.9,0,0,0,0,0,0,0,0,0,0,0,0,
01/10/17 19:00,  0.003, 0.700, 105.4, 2.500, 2.500,    32, 2.500,  11.9,0,0,0,0,0,0,0,0,0,0,0,0,
01/10/17 20:00,  0.001, 0.700, 105.5, 2.500, 2.500,    32, 2.500,  11.8,0,0,0,0,0,0,0,0,0,0,0,0,
01/10/17 21:00, -0.001, 0.700, 105.4, 2.500, 2.500,    32, 2.500,  11.7,0,0,0,0,0,0,0,0,0,0,0,0,
01/10/17 22:00, -0.001, 0.701, 105.5, 2.500, 2.500,    32, 2.500,  11.9,0,0,0,0,0,0,0,0,0,0,0,0,
01/10/17 23:00, -0.001, 0.700, 105.1, 2.500, 2.500,    33, 2.500,  12.0,0,0,0,0,0,0,0,0,0,0,0,0,
01/11/17 00:00, -0.001, 0.700, 105.1, 2.500, 2.500,    33, 2.500,  12.5,0,0,0,0,0,0,0,0,0,0,0,0,
01/11/17 01:00, -0.002, 0.700, 105.0, 2.500, 2.500,    33, 2.500,  12.1,0,0,0,0,0,0,0,0,0,0,0,0,
01/11/17 02:00,  0.001, 0.700, 105.3, 2.500, 2.500,    31, 2.500,  11.8,0,0,0,0,0,0,0,0,0,0,0,0,
01/11/17 03:00,  0.003, 0.701, 105.3, 2.500, 2.500,    30, 2.500,  11.5,0,0,0,0,0,0,0,0,0,0,0,0,
01/11/17 04:00,  0.005, 0.700, 105.4, 2.500, 2.500,    30, 2.500,  11.2,0,0,0,0,0,0,0,0,0,0,0,0,
01/11/17 05:00,  0.007, 0.700, 105.5, 2.500, 2.500,    31, 2.500,  11.4,0,0,0,0,0,0,0,0,0,0,0,0,
01/11/17 06:00,  0.006, 0.701, 105.2, 2.500, 2.500,    30, 2.500,  10.7,0,0,0,0,0,0,0,0,0,0,0,0,
01/11/17 07:00,  0.006, 0.700, 105.0, 2.500, 2.500,    29, 2.500,   9.9,0,0,0,0,0,0,0,0,0,0,0,0,
01/11/17 08:00,  0.007, 0.701, 104.9, 2.500, 2.500,    28, 2.500,  10.0,0,0,0,0,0,0,0,0,0,0,0,0,
01/11/17 09:00,  0.006, 0.701, 105.2, 2.500, 2.500,    27, 2.500,  10.7,0,0,0,0,0,0,0,0,0,0,0,0,
01/11/17 10:00,  0.006, 0.700, 105.3, 2.500, 2.500,    25, 2.500,  12.8,0,0,0,0,0,0,0,0,0,0,0,0,
01/11/17 11:00,  0.006, 0.700, 105.1, 2.500, 2.500,    24, 2.500,  13.0,0,0,0,0,0,0,0,0,0,0,0,0,
01/11/17 12:00,  0.004, 0.700, 105.0, 2.500, 2.500,    25, 2.500,  13.2,0,0,0,0,0,0,0,0,0,0,0,0,
01/11/17 13:00,  0.004, 0.700, 105.2, 2.500, 2.500,    25, 2.500,  13.9,0,0,0,0,0,0,0,0,0,0,0,0,
01/11/17 14:00,  0.009, 0.700, 105.1, 2.500, 2.500,    25, 2.500,  13.7,0,0,0,0,0,0,0,0,0,0,0,0,
01/11/17 15:00,  0.009, 0.700, 105.1, 2.500, 2.500,    25, 2.500,  13.0,0,0,0,0,0,0,0,0,0,0,0,0,
01/11/17 16:00,  0.006, 0.701, 105.5, 2.500, 2.500,    28, 2.500,  11.2,0,0,0,0,0,0,0,0,0,0,0,0,
01/11/17 17:00,  0.004, 0.700, 105.7, 2.500, 2.500,    28, 2.500,  10.6,0,0,0,0,0,0,0,0,0,0,0,0,
01/11/17 18:00,  0.006, 0.700, 105.2, 2.500, 2.500,    28, 2.500,  10.0,0,0,0,0,0,0,0,0,0,0,0,0,
01/11/17 19:00,  0.007, 0.701, 105.2, 2.500, 2.500,    28, 2.500,   9.5,0,0,0,0,0,0,0,0,0,0,0,0,
01/11/17 20:00,  0.008, 0.701, 105.6, 2.500, 2.500,    29, 2.500,   9.2,0,0,0,0,0,0,0,0,0,0,0,0,
01/11/17 21:00,  0.009, 0.701, 105.0, 2.500, 2.500,    28, 2.500,   9.3,0,0,0,0,0,0,0,0,0,0,0,0,
01/11/17 22:00,  0.019, 0.700, 105.4, 2.500, 2.500,    28, 2.500,   9.3,0,0,0,0,0,0,0,0,0,0,0,0,
01/11/17 23:00,  0.010, 0.701, 105.1, 2.500, 2.500,    28, 2.500,   9.1,0,0,0,0,0,0,0,0,0,0,0,0,
01/12/17 00:00,  0.010, 0.700, 105.3, 2.500, 2.500,    28, 2.500,   9.1,0,0,0,0,0,0,0,0,0,0,0,0,
01/12/17 01:00,  0.006, 0.701, 105.1, 2.500, 2.500,    28, 2.500,   9.4,0,0,0,0,0,0,0,0,0,0,0,0,
01/12/17 02:00,  0.004, 0.701, 105.2, 2.500, 2.500,    28, 2.500,   9.6,0,0,0,0,0,0,0,0,0,0,0,0,
01/12/17 03:00,  0.003, 0.700, 105.1, 2.500, 2.500,    29, 2.500,   9.5,0,0,0,0,0,0,0,0,0,0,0,0,
01/12/17 04:00,  0.004, 0.700, 105.4, 2.500, 2.500,    29, 2.500,   9.5,0,0,0,0,0,0,0,0,0,0,0,0,
01/12/17 05:00,  0.009, 0.701, 105.2, 2.500, 2.500,    28, 2.500,   8.8,0,0,0,0,0,0,0,0,0,0,0,0,
01/12/17 06:00,  0.005, 0.700, 105.0, 2.500, 2.500,    27, 2.500,   7.9,0,0,0,0,0,0,0,0,0,0,0,0,
01/12/17 07:00,  0.001, 0.700, 105.3, 2.500, 2.500,    27, 2.500,   7.4,0,0,0,0,0,0,0,0,0,0,0,0,
01/12/17 08:00,  0.003, 0.701, 105.4, 2.500, 2.500,    26, 2.500,   7.0,0,0,0,0,0,0,0,0,0,0,0,0,
01/12/17 09:00,  0.005, 0.701, 105.6, 2.500, 2.500,    26, 2.500,   8.3,0,0,0,0,0,0,0,0,0,0,0,0,
01/12/17 10:00,  0.006, 0.701, 105.0, 2.500, 2.500,    26, 2.500,   8.1,0,0,0,0,0,0,0,0,0,0,0,0,
01/12/17 11:00,  0.004, 0.700, 104.9, 2.500, 2.500,    25, 2.500,   8.9,0,0,0,0,0,0,0,0,0,0,0,0,
01/12/17 12:00,  0.000, 0.700, 105.5, 2.500, 2.500,    25, 2.500,   9.7,0,0,0,0,0,0,0,0,0,0,0,0,
01/12/17 13:00,  0.985, 0.000, 2.404, 2.500, 2.500,    24, 2.500,  11.1,0,0,1,0,0,0,0,0,0,0,0,0,
01/12/17 14:00, -0.001, 0.700, 2.344, 2.500, 2.500,    21, 2.500,  11.6,0,0,0,0,0,0,0,0,0,0,0,0,
01/12/17 15:00,  0.004, 0.700, 2.343, 2.500, 2.500,    21, 2.500,  11.1,0,0,0,0,0,0,0,0,0,0,0,0,
01/12/17 16:00,  0.003, 0.700, 2.347, 2.500, 2.500,    20, 2.500,  10.6,0,0,0,0,0,0,0,0,0,0,0,0,
01/12/17 17:00,  0.000, 0.700, 2.342, 2.500, 2.500,    21, 2.500,   9.4,0,0,0,0,0,0,0,0,0,0,0,0,
01/12/17 18:00,  0.002, 0.700, 2.349, 2.500, 2.500,    23, 2.500,   7.3,0,0,0,0,0,0,0,0,0,0,0,0,
01/12/17 19:00,  0.003, 0.700, 2.359, 2.500, 2.500,    23, 2.500,   5.4,0,0,0,0,0,0,0,0,0,0,0,0,
01/12/17 20:00,  0.009, 0.700, 2.355, 2.500, 2.500,    23, 2.500,   4.4,0,0,0,0,0,0,0,0,0,0,0,0,
01/12/17 21:00,  0.018, 0.700, 2.352, 2.500, 2.500,    22, 2.500,   3.4,0,0,0,0,0,0,0,0,0,0,0,0,
01/12/17 22:00,  0.017, 0.700, 2.357, 2.500, 2.500,    22, 2.500,   2.6,0,0,0,0,0,0,0,0,0,0,0,0,
01/12/17 23:00,  0.019, 0.700, 2.361, 2.500, 2.500,    21, 2.500,   1.8,0,0,0,0,0,0,0,0,0,0,0,0,
01/13/17 00:00,  0.015, 0.700, 2.371, 2.500, 2.500,    21, 2.500,   1.5,0,0,0,0,0,0,0,0,0,0,0,0,
01/13/17 01:00,  0.009, 0.700, 2.364, 2.500, 2.500,    20, 2.500,   1.1,0,0,0,0,0,0,0,0,0,0,0,0,
01/13/17 02:00,  0.005, 0.701, 2.354, 2.500, 2.500,    20, 2.500,   0.6,0,0,0,0,0,0,0,0,0,0,0,0,
01/13/17 03:00,  0.001, 0.700, 2.361, 2.500, 2.500,    20, 2.500,  -0.0,0,0,0,0,0,0,0,0,0,0,0,0,
01/13/17 04:00, -0.001, 0.701, 2.351,   2.5, 2.500,    20, 2.500,  -0.6,0,0,0,0,0,0,0,0,0,0,0,0,
01/13/17 05:00,  0.003, 0.700, 2.366, 111.8, 2.500,    20, 2.500,  -0.6,0,0,0,0,0,0,0,0,0,0,0,0,
01/13/17 06:00, -0.000, 0.701, 2.369, 111.8, 2.500,    21, 2.500,   0.0,0,0,0,0,0,0,0,0,0,0,0,0,
01/13/17 07:00, -0.000, 0.700, 2.364, 111.8, 2.500,    22, 2.500,   0.7,0,0,0,0,0,0,0,0,0,0,0,0,
01/13/17 08:00,  0.003, 0.701, 2.368, 111.8, 2.500,    23, 2.500,   1.3,0,0,0,0,0,0,0,0,0,0,0,0,
01/13/17 09:00,  0.008, 0.700, 2.364, 111.8, 2.500,    23, 2.500,   1.5,0,0,0,0,0,0,0,0,0,0,0,0,
01/13/17 10:00,  0.008, 0.701, 2.366, 111.8, 2.500,    24, 2.500,   2.5,0,0,0,0,0,0,0,0,0,0,0,0,
01/13/17 11:00,  0.009, 0.700, 2.369, 111.8, 2.500,    24, 2.500,   4.1,0,0,0,0,0,0,0,0,0,0,0,0,
01/13/17 12:00,  0.015, 0.700, 2.364, 111.8, 2.500,    22, 2.500,   5.5,0,0,0,0,0,0,0,0,0,0,0,0,
01/13/17 13:00,  0.011, 0.700, 2.354, 111.8, 2.500,    21, 2.500,   7.7,0,0,0,0,0,0,0,0,0,0,0,0,
01/13/17 14:00,  0.008, 0.700, 2.346, 111.8, 2.500,    20, 2.500,   9.8,0,0,0,0,0,0,0,0,0,0,0,0,
01/13/17 15:00,  0.003, 0.700, 2.348, 111.8, 2.500,    20, 2.500,  10.5,0,0,0,0,0,0,0,0,0,0,0,0,
01/13/17 16:00,  0.004, 0.700, 2.358, 111.8, 2.500,    20, 2.500,  11.2,0,0,0,0,0,0,0,0,0,0,0,0,
01/13/17 17:00,  0.005, 0.700, 2.357, 111.8, 2.500,    21, 2.500,   9.3,0,0,0,0,0,0,0,0,0,0,0,0,
01/13/17 18:00,  0.001, 0.700, 2.348, 111.8, 2.500,    22, 2.500,   7.7,0,0,0,0,0,0,0,0,0,0,0,0,
01/13/17 19:00,  0.002, 0.700, 2.372, 111.8, 2.500,    23, 2.500,   6.9,0,0,0,0,0,0,0,0,0,0,0,0,
01/13/17 20:00,  0.004, 0.700, 2.360, 111.8, 2.500,    22, 2.500,   6.4,0,0,0,0,0,0,0,0,0,0,0,0,
01/13/17 21:00,  0.007, 0.700, 2.361, 111.8, 2.500,    22, 2.500,   6.2,0,0,0,0,0,0,0,0,0,0,0,0,
01/13/17 22:00,  0.009, 0.700, 2.364, 111.8, 2.500,    22, 2.500,   4.8,0,0,0,0,0,0,0,0,0,0,0,0,
01/13/17 23:00,  0.010, 0.700, 2.364, 111.8, 2.500,    21, 2.500,   3.1,0,0,0,0,0,0,0,0,0,0,0,0,
01/14/17 00:00,  0.011, 0.700, 2.363, 111.8, 2.500,    21, 2.500,   2.1,0,0,0,0,0,0,0,0,0,0,0,0,
01/14/17 01:00,  0.031, 0.700, 2.362, 111.8, 2.500,    20, 2.500,   1.3,0,0,0,0,0,0,0,0,0,0,0,0,
01/14/17 02:00,  0.012, 0.701, 2.348, 111.8, 2.500,    20, 2.500,   1.1,0,0,0,0,0,0,0,0,0,0,0,0,
01/14/17 03:00,  0.011, 0.700, 2.358, 111.8, 2.500,    20, 2.500,   1.0,0,0,0,0,0,0,0,0,0,0,0,0,
01/14/17 04:00,  0.010, 0.700, 2.363, 111.8, 2.500,    20, 2.500,   0.6,0,0,0,0,0,0,0,0,0,0,0,0,
01/14/17 05:00,  0.010, 0.700, 2.368, 111.8, 2.500,    20, 2.500,   0.1,0,0,0,0,0,0,0,0,0,0,0,0,
01/14/17 06:00,  0.005, 0.700, 2.366, 111.8, 2.500,    20, 2.500,  -0.4,0,0,0,0,0,0,0,0,0,0,0,0,
01/14/17 07:00,  0.006, 0.701, 2.363, 111.8, 2.500,    20, 2.500,  -1.0,0,0,0,0,0,0,0,0,0,0,0,0,
01/14/17 08:00,  0.010, 0.700, 2.358, 111.8, 2.500,    20, 2.500,  -1.3,0,0,0,0,0,0,0,0,0,0,0,0,
01/14/17 09:00,  0.011, 0.700, 2.367, 111.8, 2.500,    21, 2.500,  -0.1,0,0,0,0,0,0,0,0,0,0,0,0,
01/14/17 10:00,  0.010, 0.701, 2.367, 111.8, 2.500,    24, 2.500,   2.5,0,0,0,0,0,0,0,0,0,0,0,0,
01/14/17 11:00,  0.010, 0.700, 2.380, 111.8, 2.500,    24, 2.500,   5.8,0,0,0,0,0,0,0,0,0,0,0,0,
01/14/17 12:00,  0.026, 0.700, 2.356, 111.8, 2.500,    21, 2.500,  10.1,0,0,0,0,0,0,0,0,0,0,0,0,
01/14/17 13:00,  0.007, 0.700, 2.359, 111.8, 2.500,    20, 2.500,  13.0,0,0,0,0,0,0,0,0,0,0,0,0,
01/14/17 14:00,  0.005, 0.700, 2.357, 111.8, 2.500,    20, 2.500,  13.9,0,0,0,0,0,0,0,0,0,0,0,0,
01/14/17 15:00,  0.002, 0.700, 2.356, 111.8, 2.500,    19, 2.500,  14.4,0,0,0,0,0,0,0,0,0,0,0,0,
01/14/17 16:00,  0.004, 0.700, 2.350, 111.8, 2.500,    20, 2.500,  13.0,0,0,0,0,0,0,0,0,0,0,0,0,
01/14/17 17:00,  0.005, 0.700, 2.353, 111.8, 2.500,    20, 2.500,  10.1,0,0,0,0,0,0,0,0,0,0,0,0,
01/14/17 18:00,  0.016, 0.700, 2.368, 111.8, 2.500,    21, 2.500,   7.4,0,0,0,0,0,0,0,0,0,0,0,0,
01/14/17 19:00,  0.015, 0.700, 2.361, 111.8, 2.500,    22, 2.500,   5.1,0,0,0,0,0,0,0,0,0,0,0,0,
01/14/17 20:00,  0.023, 0.700, 2.365, 111.8, 2.500,    22, 2.500,   4.2,0,0,0,0,0,0,0,0,0,0,0,0,
01/14/17 21:00,  0.017, 0.700, 2.358, 111.8, 2.500,    21, 2.500,   3.1,0,0,0,0,0,0,0,0,0,0,0,0,
01/14/17 22:00,  0.022, 0.700, 2.352, 111.8, 2.500,    21, 2.500,   2.4,0,0,0,0,0,0,0,0,0,0,0,0,
01/14/17 23:00,  0.011, 0.700, 2.357, 111.8, 2.500,    20, 2.500,   1.8,0,0,0,0,0,0,0,0,0,0,0,0,
01/15/17 00:00,  0.012, 0.700, 2.358, 111.8, 2.500,    20, 2.500,   1.2,0,0,0,0,0,0,0,0,0,0,0,0,
01/15/17 01:00,  0.014, 0.700, 2.346, 111.8, 2.500,    19, 2.500,   0.7,0,0,0,0,0,0,0,0,0,0,0,0,
01/15/17 02:00,  0.020, 0.701, 2.349, 111.8, 2.500,    19, 2.500,   0.2,0,0,0,0,0,0,0,0,0,0,0,0,
01/15/17 03:00,  0.013, 0.701, 2.355, 111.8, 2.500,    19, 2.500,  -0.4,0,0,0,0,0,0,0,0,0,0,0,0,
01/15/17 04:00,  0.005, 0.700, 2.364, 111.8, 2.500,    19, 2.500,  -1.0,0,0,0,0,0,0,0,0,0,0,0,0,
01/15/17 05:00,  0.003, 0.700, 2.357, 111.8, 2.500,    19, 2.500,  -1.3,0,0,0,0,0,0,0,0,0,0,0,0,
01/15/17 06:00,  0.011, 0.700, 2.361, 111.8, 2.500,    19, 2.500,  -1.6,0,0,0,0,0,0,0,0,0,0,0,0,
01/15/17 07:00,  0.018, 0.700, 2.368, 111.8, 2.500,    19, 2.500,  -1.8,0,0,0,0,0,0,0,0,0,0,0,0,
01/15/17 08:00,  0.017, 0.700, 2.366, 111.8, 2.500,    20, 2.500,  -1.7,0,0,0,0,0,0,0,0,0,0,0,0,
01/15/17 09:00,  0.017, 0.700, 2.380, 111.8, 2.500,    21, 2.500,  -0.4,0,0,0,0,0,0,0,0,0,0,0,0,
01/15/17 10:00,  0.021, 0.700, 2.374, 111.8, 2.500,    25, 2.500,   3.8,0,0,0,0,0,0,0,0,0,0,0,0,
01/15/17 11:00,  0.014, 0.700, 2.370, 111.8, 2.500,    23, 2.500,   6.6,0,0,0,0,0,0,0,0,0,0,0,0,
01/15/17 12:00,  0.037, 0.700, 2.359, 111.8, 2.500,    20, 2.500,   9.3,0,0,0,0,0,0,0,0,0,0,0,0,
01/15/17 13:00,  0.011, 0.700, 2.356, 111.8, 2.500,    18, 2.500,  10.5,0,0,0,0,0,0,0,0,0,0,0,0,
01/15/17 14:00,  0.009, 0.701, 2.360, 111.8, 2.500,    18, 2.500,  11.8,0,0,0,0,0,0,0,0,0,0,0,0,
01/15/17 15:00,  0.006, 0.700, 2.352, 111.8, 2.500,    18, 2.500,  12.3,0,0,0,0,0,0,0,0,0,0,0,0,
01/15/17 16:00,  0.006, 0.700, 2.357, 111.8, 2.500,    19, 2.500,  11.8,0,0,0,0,0,0,0,0,0,0,0,0,
01/15/17 17:00,  0.006, 0.700, 2.352, 111.8, 2.500,    19, 2.500,   9.6,0,0,0,0,0,0,0,0,0,0,0,0,
01/15/17 18:00,  0.011, 0.700, 2.364, 111.8, 2.500,    20, 2.500,   6.4,0,0,0,0,0,0,0,0,0,0,0,0,
01/15/17 19:00,  0.014, 0.700, 2.357, 111.8, 2.500,    20, 2.500,   4.8,0,0,0,0,0,0,0,0,0,0,0,0,
01/15/17 20:00,  0.013, 0.700, 2.363, 111.8, 2.500,    20, 2.500,   3.5,0,0,0,0,0,0,0,0,0,0,0,0,
01/15/17 21:00,  0.012, 0.700, 2.371, 111.8, 2.500,    20, 2.500,   2.6,0,0,0,0,0,0,0,0,0,0,0,0,
01/15/17 22:00,  0.020, 0.700, 2.352, 111.8, 2.500,    20, 2.500,   1.4,0,0,0,0,0,0,0,0,0,0,0,0,
01/15/17 23:00,  0.014, 0.700, 2.368, 111.8, 2.500,    19, 2.500,   0.5,0,0,0,0,0,0,0,0,0,0,0,0,
01/16/17 00:00,  0.018, 0.700, 2.364, 111.8, 2.500,    18, 2.500,  -0.5,0,0,0,0,0,0,0,0,0,0,0,0,
01/16/17 01:00,  0.017, 0.700, 2.353, 111.8, 2.500,    18, 2.500,  -0.9,0,0,0,0,0,0,0,0,0,0,0,0,
01/16/17 02:00,  0.012, 0.700, 2.360, 111.8, 2.500,    18, 2.500,  -1.1,0,0,0,0,0,0,0,0,0,0,0,0,
01/16/17 03:00,  0.009, 0.700, 2.366, 111.8, 2.500,    19, 2.500,  -1.7,0,0,0,0,0,0,0,0,0,0,0,0,
01/16/17 04:00,  0.004, 0.700, 2.358, 111.8, 2.500,    18, 2.500,  -2.4,0,0,0,0,0,0,0,0,0,0,0,0,
01/16/17 05:00,  0.007, 0.700, 2.362, 111.8, 2.500,    19, 2.500,  -2.6,0,0,0,0,0,0,0,0,0,0,0,0,
01/16/17 06:00,  0.013, 0.700, 2.374, 111.8, 2.500,    19, 2.500,  -2.5,0,0,0,0,0,0,0,0,0,0,0,0,
01/16/17 07:00,  0.012, 0.700, 2.368, 111.8, 2.500,    20, 2.500,  -2.0,0,0,0,0,0,0,0,0,0,0,0,0,
01/16/17 08:00,  0.018, 0.700, 2.377, 111.8, 2.500,    21, 2.500,  -1.4,0,0,0,0,0,0,0,0,0,0,0,0,
01/16/17 09:00,  0.019, 0.700, 2.381, 111.8, 2.500,    22, 2.500,  -0.4,0,0,0,0,0,0,0,0,0,0,0,0,
01/16/17 10:00,  0.022, 0.700, 2.377, 111.8, 2.500,    24, 2.500,   1.6,0,0,0,0,0,0,0,0,0,0,0,0,
01/16/17 11:00,  0.017, 0.700, 2.374, 111.8, 2.500,    23, 2.500,   5.6,0,0,0,0,0,0,0,0,0,0,0,0,
01/16/17 12:00,  0.017, 0.700, 2.377, 111.8, 2.500,    20, 2.500,   8.3,0,0,0,0,0,0,0,0,0,0,0,0,
01/16/17 13:00,  0.024, 0.700, 2.367, 111.8, 2.500,    18, 2.500,  10.0,0,0,0,0,0,0,0,0,0,0,0,0,
01/16/17 14:00,  0.002, 0.700, 2.363, 111.8, 2.500,    18, 2.500,  11.8,0,0,0,0,0,0,0,0,0,0,0,0,
01/16/17 15:00,  0.006, 0.700, 2.369, 111.8, 2.500,    18, 2.500,  12.7,0,0,0,0,0,0,0,0,0,0,0,0,
01/16/17 16:00,  0.008, 0.700, 2.360, 111.8, 2.500,    18, 2.500,  12.9,0,0,0,0,0,0,0,0,0,0,0,0,
01/16/17 17:00,  0.007, 0.700, 2.354, 111.8, 2.500,    19, 2.500,  11.7,0,0,0,0,0,0,0,0,0,0,0,0,
01/16/17 18:00,  0.009, 0.700, 2.374, 111.8, 2.500,    21, 2.500,   7.5,0,0,0,0,0,0,0,0,0,0,0,0,
01/16/17 19:00,  0.019, 0.700, 2.362, 111.8, 2.500,    22, 2.500,   4.4,0,0,0,0,0,0,0,0,0,0,0,0,
01/16/17 20:00,  0.026, 0.701, 2.364, 111.8, 2.500,    21, 2.500,   2.9,0,0,0,0,0,0,0,0,0,0,0,0,
01/16/17 21:00,  0.022, 0.700, 2.357, 111.8, 2.500,    20, 2.500,   1.9,0,0,0,0,0,0,0,0,0,0,0,0,
01/16/17 22:00,  0.026, 0.701, 2.363, 111.8, 2.500,    19, 2.500,   0.8,0,0,0,0,0,0,0,0,0,0,0,0,
01/16/17 23:00,  0.026, 0.701, 2.361, 111.8, 2.500,    19, 2.500,  -0.0,0,0,0,0,0,0,0,0,0,0,0,0,
01/17/17 00:00,  0.021, 0.701, 2.366, 111.8, 2.500,    19, 2.500,  -0.2,0,0,0,0,0,0,0,0,0,0,0,0,
01/17/17 01:00,  0.027, 0.700, 2.351, 111.8, 2.500,    18, 2.500,  -1.3,0,0,0,0,0,0,0,0,0,0,0,0,
01/17/17 02:00,  0.010, 0.700, 2.353, 111.8, 2.500,    18, 2.500,  -1.6,0,0,0,0,0,0,0,0,0,0,0,0,
01/17/17 03:00,  0.007, 0.700, 2.364, 111.8, 2.500,    18, 2.500,  -1.9,0,0,0,0,0,0,0,0,0,0,0,0,
01/17/17 04:00,  0.005, 0.700, 2.370, 111.8, 2.500,    18, 2.500,  -2.4,0,0,0,0,0,0,0,0,0,0,0,0,
01/17/17 05:00,  0.008, 0.700, 2.363, 111.8, 2.500,    18, 2.500,  -2.4,0,0,0,0,0,0,0,0,0,0,0,0,
01/17/17 06:00,  0.013, 0.700, 2.366, 111.8, 2.500,    19, 2.500,  -2.8,0,0,0,0,0,0,0,0,0,0,0,0,
01/17/17 07:00,  0.011, 0.700, 2.364, 111.8, 2.500,    19, 2.500,  -3.1,0,0,0,0,0,0,0,0,0,0,0,0,
01/17/17 08:00,  0.023, 0.700, 2.379, 111.8, 2.500,    19, 2.500,  -2.7,0,0,0,0,0,0,0,0,0,0,0,0,
01/17/17 09:00,  0.021, 0.701, 2.378, 111.8, 2.500,    22, 2.500,  -0.0,0,0,0,0,0,0,0,0,0,0,0,0,
01/17/17 10:00,  0.007, 0.700, 2.368, 111.8, 2.500,    23, 2.500,   3.9,0,0,0,0,0,0,0,0,0,0,0,0,
01/17/17 11:00,  0.008, 0.700, 2.382, 111.8, 2.500,    20, 2.500,   8.2,0,0,0,0,0,0,0,0,0,0,0,0,
01/17/17 12:00,  0.040, 0.700, 2.364, 111.8, 2.500,    19, 2.500,  10.4,0,0,0,0,0,0,0,0,0,0,0,0,
01/17/17 13:00,  0.004, 0.700, 2.353, 111.8, 2.500,    18, 2.500,  13.0,0,0,0,0,0,0,0,0,0,0,0,0,
01/17/17 14:00,  0.005, 0.700, 2.358, 111.8, 2.500,    19, 2.500,  15.0,0,0,0,0,0,0,0,0,0,0,0,0,
01/17/17 15:00,  0.004, 0.700, 2.364, 111.8, 2.500,    15, 2.500,  16.4,0,0,0,0,0,0,0,0,0,0,0,0,
01/17/17 16:00,  0.003, 0.700, 2.370, 111.8, 2.500,    15, 2.500,  16.3,0,0,0,0,0,0,0,0,0,0,0,0,
01/17/17 17:00,  0.006, 0.700, 2.372, 111.8, 2.500,    16, 2.500,  14.5,0,0,0,0,0,0,0,0,0,0,0,0,
01/17/17 18:00,  0.007, 0.700, 2.362, 111.8, 2.500,    19, 2.500,   9.0,0,0,0,0,0,0,0,0,0,0,0,0,
01/17/17 19:00,  0.017, 0.700, 2.373, 111.8, 2.500,    20, 2.500,   6.1,0,0,0,0,0,0,0,0,0,0,0,0,
01/17/17 20:00,  0.012, 0.700, 2.364, 111.8, 2.500,    21, 2.500,   4.6,0,0,0,0,0,0,0,0,0,0,0,0,
01/17/17 21:00,  0.022, 0.700, 2.349, 111.8, 2.500,    20, 2.500,   4.4,0,0,0,0,0,0,0,0,0,0,0,0,
01/17/17 22:00,  0.016, 0.700, 2.357, 111.8, 2.500,    20, 2.500,   4.3,0,0,0,0,0,0,0,0,0,0,0,0,
01/17/17 23:00,  0.015, 0.700, 2.359, 111.8, 2.500,    20, 2.500,   3.0,0,0,0,0,0,0,0,0,0,0,0,0,
01/18/17 00:00,  0.013, 0.700, 2.363, 111.8, 2.500,    20, 2.500,   3.3,0,0,0,0,0,0,0,0,0,0,0,0,
01/18/17 01:00,  0.010, 0.700, 2.364, 111.8, 2.500,    20, 2.500,   2.2,0,0,0,0,0,0,0,0,0,0,0,0,
01/18/17 02:00,  0.012, 0.700, 2.360, 111.8, 2.500,    19, 2.500,   0.9,0,0,0,0,0,0,0,0,0,0,0,0,
01/18/17 03:00,  0.011, 0.700, 2.353, 111.8, 2.500,    20, 2.500,   1.2,0,0,0,0,0,0,0,0,0,0,0,0,
01/18/17 04:00,  0.010, 0.700, 2.367, 111.8, 2.500,    20, 2.500,   1.0,0,0,0,0,0,0,0,0,0,0,0,0,
01/18/17 05:00,  0.007, 0.700, 2.360, 111.8, 2.500,    21, 2.500,   1.4,0,0,0,0,0,0,0,0,0,0,0,0,
01/18/17 06:00,  0.004, 0.700, 2.366, 111.8, 2.500,    21, 2.500,   2.1,0,0,0,0,0,0,0,0,0,0,0,0,
01/18/17 07:00,  0.004, 0.700, 2.360, 111.8, 2.500,    21, 2.500,   3.2,0,0,0,0,0,0,0,0,0,0,0,0,
01/18/17 08:00,  0.008, 0.700, 2.365, 111.8, 2.500,    21, 2.500,   3.4,0,0,0,0,0,0,0,0,0,0,0,0,
01/18/17 09:00,  0.013, 0.700, 2.372, 111.8, 2.500,    21, 2.500,   4.5,0,0,0,0,0,0,0,0,0,0,0,0,
01/18/17 10:00,  0.014, 0.700, 2.364, 111.8, 2.500,    22, 2.500,   6.3,0,0,0,0,0,0,0,0,0,0,0,0,
01/18/17 11:00,  0.011, 0.700, 2.364, 111.8, 2.500,    24, 2.500,   9.5,0,0,0,0,0,0,0,0,0,0,0,0,
01/18/17 12:00,  0.007, 0.700, 2.360, 111.8, 2.500,    24, 2.500,  10.4,0,0,0,0,0,0,0,0,0,0,0,0,
01/18/17 13:00,  0.006, 0.700, 2.362, 111.8, 2.500,    24, 2.500,  10.4,0,0,0,0,0,0,0,0,0,0,0,0,
01/18/17 14:00,  0.004, 0.700, 2.356, 111.8, 2.500,    25, 2.500,  10.1,0,0,0,0,0,0,0,0,0,0,0,0,
01/18/17 15:00,  0.004, 0.700, 2.359, 111.8, 2.500,    26, 2.500,   9.3,0,0,0,0,0,0,0,0,0,0,0,0,
01/18/17 16:00,  0.003, 0.700, 2.360, 111.8, 2.500,    27, 2.500,   8.8,0,0,0,0,0,0,0,0,0,0,0,0,
01/18/17 17:00,  0.004, 0.700, 2.350, 111.8, 2.500,    27, 2.500,   8.6,0,0,0,0,0,0,0,0,0,0,0,0,
01/18/17 18:00,  0.006, 0.700, 2.361, 111.8, 2.500,    27, 2.500,   8.4,0,0,0,0,0,0,0,0,0,0,0,0,
01/18/17 19:00,  0.005, 0.700, 2.347, 111.8, 2.500,    27, 2.500,   8.0,0,0,0,0,0,0,0,0,0,0,0,0,
01/18/17 20:00,  0.006, 0.700, 2.353, 111.8, 2.500,    27, 2.500,   7.5,0,0,0,0,0,0,0,0,0,0,0,0,
01/18/17 21:00,  0.008, 0.700, 2.345, 111.8, 2.500,    26, 2.500,   8.5,0,0,0,0,0,0,0,0,0,0,0,0,
01/18/17 22:00,  0.005, 0.700, 2.354, 111.8, 2.500,    26, 2.500,   9.1,0,0,0,0,0,0,0,0,0,0,0,0,
01/18/17 23:00,  0.003, 0.700, 2.354, 111.8, 2.500,    27, 2.500,   8.9,0,0,0,0,0,0,0,0,0,0,0,0,
01/19/17 00:00,  0.005, 0.701, 2.358, 111.8, 2.500,    27, 2.500,   8.6,0,0,0,0,0,0,0,0,0,0,0,0,
01/19/17 01:00,  0.002, 0.700, 2.361, 111.8, 2.500,    27, 2.500,   8.9,0,0,0,0,0,0,0,0,0,0,0,0,
01/19/17 02:00, -0.002, 0.700, 2.356, 2.500, 2.500,    27, 2.500,   8.7,0,0,0,0,0,0,0,0,0,0,0,0,
01/19/17 03:00, -0.002, 0.700, 2.361, 2.500, 2.500,    28, 2.500,   8.4,0,0,0,0,0,0,0,0,0,0,0,0,
01/19/17 04:00, -0.002, 0.701, 2.357, 2.500, 2.500,    29, 2.500,   9.1,0,0,0,0,0,0,0,0,0,0,0,0,
01/19/17 05:00,  0.004, 0.700, 2.344, 2.500, 2.500,    28, 2.500,   8.4,0,0,0,0,0,0,0,0,0,0,0,0,
01/19/17 06:00,  0.003, 0.700, 2.350, 2.500, 2.500,    27, 2.500,   8.2,0,0,0,0,0,0,0,0,0,0,0,0,
01/19/17 07:00,  0.001, 0.700, 2.356, 2.500, 2.500,    27, 2.500,   7.1,0,0,0,0,0,0,0,0,0,0,0,0,
01/19/17 08:00,  0.001, 0.700, 2.349, 2.500, 2.500,    26, 2.500,   6.5,0,0,0,0,0,0,0,0,0,0,0,0,
01/19/17 09:00,  0.001, 0.700, 2.353, 2.500, 2.500,    27, 2.500,   7.9,0,0,0,0,0,0,0,0,0,0,0,0,
01/19/17 10:00,  0.003, 0.701, 2.356, 2.500, 2.500,    26, 2.500,  11.2,0,0,0,0,0,0,0,0,0,0,0,0,
01/19/17 11:00,  0.004, 0.700, 2.347, 2.500, 2.500,    24, 2.500,  11.7,0,0,0,0,0,0,0,0,0,0,0,0,
01/19/17 12:00,  0.004, 0.701, 2.357, 2.500, 2.500,    25, 2.500,  10.5,0,0,0,0,0,0,0,0,0,0,0,0,
01/19/17 13:00,  0.001, 0.700, 2.346, 2.500, 2.500,    26, 2.500,  10.4,0,0,0,0,0,0,0,0,0,0,0,0,
01/19/17 14:00,  0.000, 0.701, 2.337, 2.500, 2.500,    25, 2.500,  11.7,0,0,0,0,0,0,0,0,0,0,0,0,
01/19/17 15:00,  0.003, 0.700, 2.345, 2.500, 2.500,    24, 2.500,  11.8,0,0,0,0,0,0,0,0,0,0,0,0,
01/19/17 16:00,  0.002, 0.701, 2.342, 2.500, 2.500,    25, 2.500,  10.2,0,0,0,0,0,0,0,0,0,0,0,0,
01/19/17 17:00,  0.003, 0.700, 2.352, 2.500, 2.500,    25, 2.500,   9.9,0,0,0,0,0,0,0,0,0,0,0,0,
01/19/17 18:00,  0.003, 0.700, 2.340, 2.500, 2.500,    26, 2.500,   8.7,0,0,0,0,0,0,0,0,0,0,0,0,
01/19/17 19:00,  0.003, 0.700, 2.359, 2.500, 2.500,    26, 2.500,   7.3,0,0,0,0,0,0,0,0,0,0,0,0,
01/19/17 20:00,  0.016, 0.701, 2.339, 2.500, 2.500,    26, 2.500,   7.1,0,0,0,0,0,0,0,0,0,0,0,0,
01/19/17 21:00,  0.011, 0.700, 2.344, 2.500, 2.500,    26, 2.500,   7.1,0,0,0,0,0,0,0,0,0,0,0,0,
01/19/17 22:00,  0.011, 0.700, 2.347, 2.500, 2.500,    26, 2.500,   6.8,0,0,0,0,0,0,0,0,0,0,0,0,
01/19/17 23:00,  0.008, 0.700, 2.362, 2.500, 2.500,    26, 2.500,   6.9,0,0,0,0,0,0,0,0,0,0,0,0,
01/20/17 00:00,  0.003, 0.700, 2.342, 2.500, 2.500,    26, 2.500,   7.7,0,0,0,0,0,0,0,0,0,0,0,0,
01/20/17 01:00,  0.001, 0.700, 2.344, 2.500, 2.500,    25, 2.500,   7.2,0,0,0,0,0,0,0,0,0,0,0,0,
01/20/17 02:00, -0.001, 0.700, 2.348, 2.500, 2.500,    26, 2.500,   7.2,0,0,0,0,0,0,0,0,0,0,0,0,
01/20/17 03:00, -0.003, 0.701, 2.350, 2.500, 2.500,    26, 2.500,   7.2,0,0,0,0,0,0,0,0,0,0,0,0,
01/20/17 04:00, -0.002, 0.701, 2.347, 2.500, 2.500,    26, 2.500,   7.8,0,0,0,0,0,0,0,0,0,0,0,0,
01/20/17 05:00,  0.000, 0.700, 2.338, 2.500, 2.500,    26, 2.500,   7.8,0,0,0,0,0,0,0,0,0,0,0,0,
01/20/17 06:00,  0.001, 0.701, 2.336, 2.500, 2.500,    26, 2.500,   8.0,0,0,0,0,0,0,0,0,0,0,0,0,
01/20/17 07:00,  0.003, 0.700, 2.328, 2.500, 2.500,    27, 2.500,   8.1,0,0,0,0,0,0,0,0,0,0,0,0,
01/20/17 08:00,  0.002, 0.700, 2.331, 2.500, 2.500,    28, 2.500,   8.6,0,0,0,0,0,0,0,0,0,0,0,0,
01/20/17 09:00,  0.001, 0.701, 2.321, 2.500, 2.500,    27, 2.500,  10.1,0,0,0,0,0,0,0,0,0,0,0,0,
01/20/17 10:00,  0.003, 0.700, 2.329, 2.500, 2.500,    26, 2.500,   8.9,0,0,0,0,0,0,0,0,0,0,0,0,
01/20/17 11:00,  0.003, 0.700, 2.334, 2.500, 2.500,    26, 2.500,   8.1,0,0,0,0,0,0,0,0,0,0,0,0,
01/20/17 12:00,  0.002, 0.700, 2.326, 2.500, 2.500,    25, 2.500,   7.5,0,0,0,0,0,0,0,0,0,0,0,0,
01/20/17 13:00,  0.004, 0.700, 2.322, 2.500, 2.500,    24, 2.500,   9.0,0,0,0,0,0,0,0,0,0,0,0,0,
01/20/17 14:00,  0.006, 0.700, 2.325, 2.500, 2.500,    26, 2.500,   8.1,0,0,0,0,0,0,0,0,0,0,0,0,
01/20/17 15:00,  0.008, 0.700, 2.332, 2.500, 2.500,    25, 2.500,   9.9,0,0,0,0,0,0,0,0,0,0,0,0,
01/20/17 16:00,  0.007, 0.700, 2.327, 2.500, 2.500,    25, 2.500,   8.4,0,0,0,0,0,0,0,0,0,0,0,0,
01/20/17 17:00,  0.005, 0.700, 2.329, 2.500, 2.500,    26, 2.500,   7.8,0,0,0,0,0,0,0,0,0,0,0,0,
01/20/17 18:00,  0.004, 0.700, 2.320, 2.500, 2.500,    24, 2.500,   6.8,0,0,0,0,0,0,0,0,0,0,0,0,
01/20/17 19:00,  0.004, 0.700, 2.324, 2.500, 2.500,    23, 2.500,   6.1,0,0,0,0,0,0,0,0,0,0,0,0,
01/20/17 20:00,  0.005, 0.700, 2.328, 2.500, 2.500,    24, 2.500,   6.8,0,0,0,0,0,0,0,0,0,0,0,0,
01/20/17 21:00,  0.003, 0.700, 2.324, 2.500, 2.500,    25, 2.500,   6.6,0,0,0,0,0,0,0,0,0,0,0,0,
01/20/17 22:00,  0.002, 0.700, 2.325, 2.500, 2.500,    23, 2.500,   5.2,0,0,0,0,0,0,0,0,0,0,0,0,
01/20/17 23:00,  0.003, 0.700, 2.337, 2.500, 2.500,    23, 2.500,   4.0,0,0,0,0,0,0,0,0,0,0,0,0,
01/21/17 00:00,  0.004, 0.700, 2.338, 2.500, 2.500,    23, 2.500,   4.6,0,0,0,0,0,0,0,0,0,0,0,0,
01/21/17 01:00,  0.003, 0.700, 2.329, 2.500, 2.500,    22, 2.500,   3.5,0,0,0,0,0,0,0,0,0,0,0,0,
01/21/17 02:00,  0.005, 0.700, 2.335, 111.8, 2.500,    22, 2.500,   3.0,0,0,0,0,0,0,0,0,0,0,0,0,
01/21/17 03:00,  0.004, 0.700, 2.332, 111.8, 2.500,    21, 2.500,   2.8,0,0,0,0,0,0,0,0,0,0,0,0,
01/21/17 04:00,  0.004, 0.700, 2.341, 111.8, 2.500,    22, 2.500,   3.2,0,0,0,0,0,0,0,0,0,0,0,0,
01/21/17 05:00,  0.003, 0.700, 2.348, 111.8, 2.500,    23, 2.500,   3.7,0,0,0,0,0,0,0,0,0,0,0,0,
01/21/17 06:00,  0.003, 0.700, 2.362, 111.8, 2.500,    23, 2.500,   3.9,0,0,0,0,0,0,0,0,0,0,0,0,
01/21/17 07:00,  0.005, 0.700, 2.338, 111.8, 2.500,    22, 2.500,   3.6,0,0,0,0,0,0,0,0,0,0,0,0,
01/21/17 08:00,  0.005, 0.700, 2.346, 111.8, 2.500,    22, 2.500,   3.6,0,0,0,0,0,0,0,0,0,0,0,0,
01/21/17 09:00,  0.006, 0.700, 2.349, 111.8, 2.500,    25, 2.500,   6.0,0,0,0,0,0,0,0,0,0,0,0,0,
01/21/17 10:00, -0.001, 0.701, 2.345, 111.8, 2.500,    26, 2.500,  10.0,0,0,0,0,0,0,0,0,0,0,0,0,
01/21/17 11:00,  0.000, 0.701, 2.357, 111.8, 2.500,    23, 2.500,  10.3,0,0,0,0,0,0,0,0,0,0,0,0,
01/21/17 12:00,  0.007, 0.701, 2.349, 111.8, 2.500,    23, 2.500,  10.6,0,0,0,0,0,0,0,0,0,0,0,0,
01/21/17 13:00,  0.008, 0.700, 2.355, 111.8, 2.500,    22, 2.500,  11.3,0,0,0,0,0,0,0,0,0,0,0,0,
01/21/17 14:00,  0.006, 0.701, 2.350, 111.8, 2.500,    21, 2.500,  11.2,0,0,0,0,0,0,0,0,0,0,0,0,
01/21/17 15:00,  0.007, 0.700, 2.360, 111.8, 2.500,    22, 2.500,  10.9,0,0,0,0,0,0,0,0,0,0,0,0,
01/21/17 16:00,  0.009, 0.700, 2.352, 111.8, 2.500,    23, 2.500,  10.2,0,0,0,0,0,0,0,0,0,0,0,0,
01/21/17 17:00,  0.008, 0.701, 2.360, 111.8, 2.500,    24, 2.500,   9.6,0,0,0,0,0,0,0,0,0,0,0,0,
01/21/17 18:00,  0.008, 0.700, 2.354, 111.8, 2.500,    24, 2.500,   8.9,0,0,0,0,0,0,0,0,0,0,0,0,
01/21/17 19:00,  0.006, 0.701, 2.348, 111.8, 2.500,    26, 2.500,   7.8,0,0,0,0,0,0,0,0,0,0,0,0,
01/21/17 20:00,  0.009, 0.700, 2.352, 111.8, 2.500,    26, 2.500,   7.6,0,0,0,0,0,0,0,0,0,0,0,0,
01/21/17 21:00,  0.007, 0.701, 2.365, 111.8, 2.500,    25, 2.500,   7.7,0,0,0,0,0,0,0,0,0,0,0,0,
01/21/17 22:00,  0.003, 0.701, 2.351, 111.8, 2.500,    25, 2.500,   7.9,0,0,0,0,0,0,0,0,0,0,0,0,
01/21/17 23:00,  0.007, 0.700, 2.357, 111.8, 2.500,    24, 2.500,   8.6,0,0,0,0,0,0,0,0,0,0,0,0,
01/22/17 00:00,  0.008, 0.700, 2.355, 111.8, 2.500,    25, 2.500,   8.0,0,0,0,0,0,0,0,0,0,0,0,0,
01/22/17 01:00,  0.006, 0.700, 2.352, 111.8, 2.500,    25, 2.500,   7.5,0,0,0,0,0,0,0,0,0,0,0,0,
01/22/17 02:00,  0.002, 0.700, 2.357, 111.8, 2.500,    25, 2.500,   7.1,0,0,0,0,0,0,0,0,0,0,0,0,
01/22/17 03:00,  0.002, 0.701, 2.355, 111.8, 2.500,    25, 2.500,   7.1,0,0,0,0,0,0,0,0,0,0,0,0,
01/22/17 04:00,  0.002, 0.700, 2.355, 111.8, 2.500,    25, 2.500,   7.3,0,0,0,0,0,0,0,0,0,0,0,0,
01/22/17 05:00,  0.985, 0.000, 0.280,   7.7, 0.170,    26, 0.624,   7.5,0,0,0,0,1,0,0,0,0,0,0,0,
01/22/17 06:00,  0.985, 0.000, 1.980,  70.0, 1.239,    26, 1.129,   7.7,0,0,0,0,0,0,0,0,0,0,0,0,
01/22/17 07:00, -0.004, 0.701, 2.336, 111.8, 2.499,    25, 2.444,   8.2,0,0,0,0,0,0,0,0,0,0,0,0,
01/22/17 08:00, -0.001, 0.700, 2.300, 111.8, 2.500,    26, 2.500,   8.9,0,0,0,0,0,0,0,0,0,0,0,0,
01/22/17 09:00,  0.001, 0.700, 2.320, 111.8, 2.500,    27, 2.500,   9.4,0,0,0,0,0,0,0,0,0,0,0,0,
01/22/17 10:00,  0.000, 0.700, 2.356, 111.8, 2.500,    28, 2.500,   9.8,0,0,0,0,0,0,0,0,0,0,0,0,
01/22/17 11:00,  0.001, 0.700, 2.360, 111.8, 2.500,    29, 2.500,   9.0,0,0,0,0,0,0,0,0,0,0,0,0,
01/22/17 12:00,  0.004, 0.701, 2.353, 111.8, 2.500,    29, 2.500,   9.4,0,0,0,0,0,0,0,0,0,0,0,0,
01/22/17 13:00,  0.002, 0.701, 2.347, 111.8, 2.500,    29, 2.500,  10.3,0,0,0,0,0,0,0,0,0,0,0,0,
01/22/17 14:00, -0.001, 0.700, 2.352, 111.8, 2.500,    29, 2.500,  10.2,0,0,0,0,0,0,0,0,0,0,0,0,
01/22/17 15:00, -0.000, 0.700, 2.353, 111.8, 2.500,    29, 2.500,  10.8,0,0,0,0,0,0,0,0,0,0,0,0,
01/22/17 16:00,  0.003, 0.701, 2.341, 111.8, 2.500,    27, 2.500,  10.7,0,0,0,0,0,0,0,0,0,0,0,0,
01/22/17 17:00,  0.006, 0.700, 2.357, 111.8, 2.500,    27, 2.500,   9.9,0,0,0,0,0,0,0,0,0,0,0,0,
01/22/17 18:00,  0.006, 0.700, 2.343, 111.8, 2.500,    28, 2.500,   9.0,0,0,0,0,0,0,0,0,0,0,0,0,
01/22/17 19:00,  0.006, 0.700, 2.347, 111.8, 2.500,    27, 2.500,   9.4,0,0,0,0,0,0,0,0,0,0,0,0,
01/22/17 20:00,  0.001, 0.700, 2.347, 111.8, 2.500,    27, 2.500,   9.2,0,0,0,0,0,0,0,0,0,0,0,0,
01/22/17 21:00, -0.001, 0.701, 2.348, 111.8, 2.500,    27, 2.500,   8.2,0,0,0,0,0,0,0,0,0,0,0,0,
01/22/17 22:00,  0.004, 0.701, 2.353, 111.8, 2.500,    26, 2.500,   7.7,0,0,0,0,0,0,0,0,0,0,0,0,
01/22/17 23:00,  0.003, 0.700, 2.352, 111.8, 2.500,    25, 2.500,   8.0,0,0,0,0,0,0,0,0,0,0,0,0,
01/23/17 00:00,  0.001, 0.700, 2.342, 111.8, 2.500,    25, 2.500,   7.7,0,0,0,0,0,0,0,0,0,0,0,0,
01/23/17 01:00,  0.003, 0.700, 2.342, 111.8, 2.500,    24, 2.500,   7.3,0,0,0,0,0,0,0,0,0,0,0,0,
01/23/17 02:00,  0.003, 0.700, 2.351, 111.8, 2.500,    25, 2.500,   5.9,0,0,0,0,0,0,0,0,0,0,0,0,
01/23/17 03:00,  0.004, 0.700, 2.352, 111.8, 2.500,    25, 2.500,   6.3,0,0,0,0,0,0,0,0,0,0,0,0,
01/23/17 04:00,  0.004, 0.700, 2.349, 111.8, 2.500,    24, 2.500,   6.0,0,0,0,0,0,0,0,0,0,0,0,0,
01/23/17 05:00,  0.002, 0.700, 2.355, 111.8, 2.500,    24, 2.500,   4.7,0,0,0,0,0,0,0,0,0,0,0,0,
01/23/17 06:00,  0.003, 0.700, 2.357, 111.8, 2.500,    24, 2.500,   4.9,0,0,0,0,0,0,0,0,0,0,0,0,
01/23/17 07:00,  0.002, 0.700, 2.359, 111.8, 2.500,    23, 2.500,   4.5,0,0,0,0,0,0,0,0,0,0,0,0,
01/23/17 08:00,  0.001, 0.700, 2.355, 111.8, 2.500,    23, 2.500,   3.8,0,0,0,0,0,0,0,0,0,0,0,0,
01/23/17 09:00,  0.002, 0.701, 2.351, 111.8, 2.500,    24, 2.500,   4.8,0,0,0,0,0,0,0,0,0,0,0,0,
01/23/17 10:00,  0.001, 0.700, 2.351, 111.8, 2.500,    23, 2.500,   6.4,0,0,0,0,0,0,0,0,0,0,0,0,
01/23/17 11:00, -0.001, 0.701, 2.351, 111.8, 2.500,    21, 2.500,   8.5,0,0,0,0,0,0,0,0,0,0,0,0,
01/23/17 12:00, -0.001, 0.701, 2.353, 111.8, 2.500,    21, 2.500,   8.0,0,0,0,0,0,0,0,0,0,0,0,0,
01/23/17 13:00,  0.002, 0.700, 2.338, 111.8, 2.500,    23, 2.500,   6.9,0,0,0,0,0,0,0,0,0,0,0,0,
01/23/17 14:00,  0.002, 0.700, 2.350, 111.8, 2.500,    21, 2.500,   8.7,0,0,0,0,0,0,0,0,0,0,0,0,
01/23/17 15:00,  0.001, 0.701, 2.350, 111.8, 2.500,    20, 2.500,   9.1,0,0,0,0,0,0,0,0,0,0,0,0,
01/23/17 16:00, -0.000, 0.700, 2.351, 111.8, 2.500,    21, 2.500,   8.6,0,0,0,0,0,0,0,0,0,0,0,0,
01/23/17 17:00,  0.003, 0.700, 2.353, 111.8, 2.500,    23, 2.500,   7.4,0,0,0,0,0,0,0,0,0,0,0,0,
01/23/17 18:00,  0.005, 0.700, 2.365, 111.8, 2.500,    24, 2.500,   5.9,0,0,0,0,0,0,0,0,0,0,0,0,
01/23/17 19:00,  0.001, 0.700, 2.368, 111.8, 2.500,    23, 2.500,   4.0,0,0,0,0,0,0,0,0,0,0,0,0,
01/23/17 20:00,  0.018, 0.700, 2.365, 111.8, 2.500,    22, 2.500,   3.0,0,0,0,0,0,0,0,0,0,0,0,0,
01/23/17 21:00,  0.022, 0.700, 2.347, 111.8, 2.500,    21, 2.500,   2.4,0,0,0,0,0,0,0,0,0,0,0,0,
01/23/17 22:00,  0.010, 0.700, 2.346, 111.8, 2.500,    21, 2.500,   1.9,0,0,0,0,0,0,0,0,0,0,0,0,
01/23/17 23:00,  0.011, 0.700, 2.364, 111.8, 2.500,    22, 2.500,   2.2,0,0,0,0,0,0,0,0,0,0,0,0,
01/24/17 00:00,  0.011, 0.700, 2.352, 111.8, 2.500,    21, 2.500,   2.5,0,0,0,0,0,0,0,0,0,0,0,0,
01/24/17 01:00,  0.010, 0.700, 2.365, 111.8, 2.500,    22, 2.500,   2.6,0,0,0,0,0,0,0,0,0,0,0,0,
01/24/17 02:00,  0.007, 0.700, 2.355, 111.8, 2.500,    21, 2.500,   2.5,0,0,0,0,0,0,0,0,0,0,0,0,
01/24/17 03:00,  0.002, 0.700, 2.357, 111.8, 2.500,    21, 2.500,   2.2,0,0,0,0,0,0,0,0,0,0,0,0,
01/24/17 04:00, -0.001, 0.700, 2.348, 111.8, 2.500,    20, 2.500,   1.2,0,0,0,0,0,0,0,0,0,0,0,0,
01/24/17 05:00, -0.000, 0.701, 2.358, 111.8, 2.500,    21, 2.500,   0.8,0,0,0,0,0,0,0,0,0,0,0,0,
01/24/17 06:00, -0.004, 0.700, 2.350, 111.8, 2.500,    20, 2.500,   0.2,0,0,0,0,0,0,0,0,0,0,0,0,
01/24/17 07:00, -0.001, 0.701, 2.352, 111.8, 2.500,    21, 2.500,   0.1,0,0,0,0,0,0,0,0,0,0,0,0,
01/24/17 08:00,  0.004, 0.701, 2.363, 111.8, 2.500,    21, 2.500,   0.6,0,0,0,0,0,0,0,0,0,0,0,0,
01/24/17 09:00,  0.008, 0.700, 2.357, 111.8, 2.500,    22, 2.500,   0.8,0,0,0,0,0,0,0,0,0,0,0,0,
01/24/17 10:00,  0.009, 0.701, 2.356, 111.8, 2.500,    23, 2.500,   1.8,0,0,0,0,0,0,0,0,0,0,0,0,
01/24/17 11:00,  0.016, 0.700, 2.365, 111.8, 2.500,    24, 2.500,   5.4,0,0,0,0,0,0,0,0,0,0,0,0,
01/24/17 12:00,  0.005, 0.700, 2.353, 111.8, 2.500,    21, 2.500,   6.9,0,0,0,0,0,0,0,0,0,0,0,0,
01/24/17 13:00,  0.009, 0.701, 2.339, 111.8, 2.500,    21, 2.500,   8.0,0,0,0,0,0,0,0,0,0,0,0,0,
01/24/17 14:00,  0.009, 0.700, 2.355, 111.8, 2.500,    20, 2.500,   9.6,0,0,0,0,0,0,0,0,0,0,0,0,
01/24/17 15:00,  0.004, 0.700, 2.352, 111.8, 2.500,    18, 2.500,  10.9,0,0,0,0,0,0,0,0,0,0,0,0,
01/24/17 16:00,  0.004, 0.700, 2.349, 111.8, 2.500,    17, 2.500,  11.5,0,0,0,0,0,0,0,0,0,0,0,0,
01/24/17 17:00,  0.004, 0.700, 2.352, 111.8, 2.500,    18, 2.500,  10.1,0,0,0,0,0,0,0,0,0,0,0,0,
01/24/17 18:00,  0.004, 0.700, 2.362, 111.8, 2.500,    20, 2.500,   7.6,0,0,0,0,0,0,0,0,0,0,0,0,
01/24/17 19:00,  0.005, 0.700, 2.363, 111.8, 2.500,    20, 2.500,   6.0,0,0,0,0,0,0,0,0,0,0,0,0,
01/24/17 20:00,  0.020, 0.700, 2.366, 111.8, 2.500,    21, 2.500,   3.2,0,0,0,0,0,0,0,0,0,0,0,0,
01/24/17 21:00,  0.027, 0.700, 2.365, 111.8, 2.500,    20, 2.500,   1.7,0,0,0,0,0,0,0,0,0,0,0,0,
01/24/17 22:00,  0.021, 0.700, 2.361, 111.8, 2.500,    20, 2.500,   0.9,0,0,0,0,0,0,0,0,0,0,0,0,
01/24/17 23:00,  0.015, 0.700, 2.362, 111.8, 2.500,    19, 2.500,   0.5,0,0,0,0,0,0,0,0,0,0,0,0,
01/25/17 00:00,  0.022, 0.700, 2.366, 111.8, 2.500,    19, 2.500,  -0.3,0,0,0,0,0,0,0,0,0,0,0,0,
01/25/17 01:00,  0.017, 0.700, 2.365, 111.8, 2.500,    19, 2.500,  -0.7,0,0,0,0,0,0,0,0,0,0,0,0,
01/25/17 02:00,  0.014, 0.700, 2.358, 111.8, 2.500,    18, 2.500,  -1.6,0,0,0,0,0,0,0,0,0,0,0,0,
01/25/17 03:00,  0.009, 0.701, 2.360, 111.8, 2.500,    18, 2.500,  -2.1,0,0,0,0,0,0,0,0,0,0,0,0,
01/25/17 04:00,  0.005, 0.700, 2.373, 111.8, 2.500,    19, 2.500,  -2.3,0,0,0,0,0,0,0,0,0,0,0,0,
01/25/17 05:00,  0.005, 0.700, 2.376, 111.8, 2.500,    19, 2.500,  -2.5,0,0,0,0,0,0,0,0,0,0,0,0,
01/25/17 06:00,  0.009, 0.700, 2.377, 111.8, 2.500,    20, 2.500,  -2.4,0,0,0,0,0,0,0,0,0,0,0,0,
01/25/17 07:00,  0.016, 0.700, 2.368, 111.8, 2.500,    20, 2.500,  -1.8,0,0,0,0,0,0,0,0,0,0,0,0,
01/25/17 08:00,  0.010, 0.701, 2.372, 111.8, 2.500,    21, 2.500,  -2.0,0,0,0,0,0,0,0,0,0,0,0,0,
01/25/17 09:00,  0.017, 0.700, 2.376, 111.8, 2.500,    21, 2.500,  -0.8,0,0,0,0,0,0,0,0,0,0,0,0,
01/25/17 10:00,  0.005, 0.701, 2.375, 111.8, 2.500,    24, 2.500,   2.4,0,0,0,0,0,0,0,0,0,0,0,0,
01/25/17 11:00,  0.021, 0.700, 2.371, 111.8, 2.500,    21, 2.500,   5.9,0,0,0,0,0,0,0,0,0,0,0,0,
01/25/17 12:00,  0.022, 0.701, 2.385, 111.8, 2.500,    20, 2.500,   8.6,0,0,0,0,0,0,0,0,0,0,0,0,
01/25/17 13:00,  0.005, 0.700, 2.371, 111.8, 2.500,    17, 2.500,  11.3,0,0,0,0,0,0,0,0,0,0,0,0,
01/25/17 14:00,  0.003, 0.701, 2.354, 111.8, 2.500,    16, 2.500,  12.3,0,0,0,0,0,0,0,0,0,0,0,0,
01/25/17 15:00, -0.002, 0.701, 2.369, 111.8, 2.500,    17, 2.500,  12.7,0,0,0,0,0,0,0,0,0,0,0,0,
01/25/17 16:00, -0.001, 0.701, 2.371, 111.8, 2.500,    16, 2.500,  12.7,0,0,0,0,0,0,0,0,0,0,0,0,
01/25/17 17:00,  0.001, 0.700, 2.357, 111.8, 2.500,    16, 2.500,  11.8,0,0,0,0,0,0,0,0,0,0,0,0,
01/25/17 18:00,  0.002, 0.700, 2.363, 111.8, 2.500,    19, 2.500,   7.0,0,0,0,0,0,0,0,0,0,0,0,0,
01/25/17 19:00,  0.006, 0.700, 2.366, 111.8, 2.500,    21, 2.500,   4.6,0,0,0,0,0,0,0,0,0,0,0,0,
01/25/17 20:00,  0.019, 0.700, 2.377, 111.8, 2.500,    21, 2.500,   3.5,0,0,0,0,0,0,0,0,0,0,0,0,
01/25/17 21:00,  0.015, 0.701, 2.377, 111.8, 2.500,    20, 2.500,   2.2,0,0,0,0,0,0,0,0,0,0,0,0,
01/25/17 22:00,  0.026, 0.700, 2.361, 111.8, 2.500,    20, 2.500,   1.2,0,0,0,0,0,0,0,0,0,0,0,0,
01/25/17 23:00,  0.032, 0.700, 2.367, 111.8, 2.500,    19, 2.500,   0.5,0,0,0,0,0,0,0,0,0,0,0,0,
01/26/17 00:00,  0.017, 0.700, 2.377, 111.8, 2.500,    18, 2.500,  -0.5,0,0,0,0,0,0,0,0,0,0,0,0,
01/26/17 01:00,  0.019, 0.700, 2.375, 111.8, 2.500,    18, 2.500,  -1.2,0,0,0,0,0,0,0,0,0,0,0,0,
01/26/17 02:00,  0.008, 0.700, 2.379, 111.8, 2.500,    18, 2.500,  -1.5,0,0,0,0,0,0,0,0,0,0,0,0,
01/26/17 03:00,  0.004, 0.701, 2.381, 111.8, 2.500,    18, 2.500,  -2.1,0,0,0,0,0,0,0,0,0,0,0,0,
01/26/17 04:00, -0.005, 0.701, 2.380, 111.8, 2.500,    18, 2.500,  -2.4,0,0,0,0,0,0,0,0,0,0,0,0,
01/26/17 05:00,  0.000, 0.701, 2.378, 111.8, 2.500,    18, 2.500,  -2.8,0,0,0,0,0,0,0,0,0,0,0,0,
01/26/17 06:00,  0.011, 0.700, 2.376, 111.8, 2.500,    19, 2.500,  -2.9,0,0,0,0,0,0,0,0,0,0,0,0,
01/26/17 07:00,  0.011, 0.701, 2.380, 111.8, 2.500,    20, 2.500,  -2.2,0,0,0,0,0,0,0,0,0,0,0,0,
01/26/17 08:00,  0.007, 0.700, 2.388, 111.8, 2.500,    21, 2.500,  -1.4,0,0,0,0,0,0,0,0,0,0,0,0,
01/26/17 09:00,  0.016, 0.701, 2.383, 111.8, 2.500,    21, 2.500,  -1.1,0,0,0,0,0,0,0,0,0,0,0,0,
01/26/17 10:00,  0.008, 0.700, 2.377, 111.8, 2.500,    23, 2.500,   0.3,0,0,0,0,0,0,0,0,0,0,0,0,
01/26/17 11:00,  0.009, 0.701, 2.393, 111.8, 2.500,    24, 2.500,   3.0,0,0,0,0,0,0,0,0,0,0,0,0,
01/26/17 12:00,  0.008, 0.700, 2.386, 111.8, 2.500,    23, 2.500,   6.2,0,0,0,0,0,0,0,0,0,0,0,0,
01/26/17 13:00,  0.027, 0.700, 2.376, 111.8, 2.500,    21, 2.500,   9.4,0,0,0,0,0,0,0,0,0,0,0,0,
01/26/17 14:00,  0.006, 0.701, 2.380, 111.8, 2.500,    18, 2.500,  11.8,0,0,0,0,0,0,0,0,0,0,0,0,
01/26/17 15:00,  0.003, 0.700, 2.372, 111.8, 2.500,    18, 2.500,  12.1,0,0,0,0,0,0,0,0,0,0,0,0,
01/26/17 16:00,  0.006, 0.700, 2.382, 111.8, 2.500,    18, 2.500,  11.8,0,0,0,0,0,0,0,0,0,0,0,0,
01/26/17 17:00,  0.008, 0.700, 2.374, 111.8, 2.500,    19, 2.500,  10.6,0,0,0,0,0,0,0,0,0,0,0,0,
01/26/17 18:00,  0.006, 0.700, 2.366, 111.8, 2.500,    20, 2.500,   7.9,0,0,0,0,0,0,0,0,0,0,0,0,
01/26/17 19:00,  0.008, 0.700, 2.380, 111.8, 2.500,    21, 2.500,   6.9,0,0,0,0,0,0,0,0,0,0,0,0,
01/26/17 20:00,  0.017, 0.701, 2.377, 111.8, 2.500,    21, 2.500,   5.6,0,0,0,0,0,0,0,0,0,0,0,0,
01/26/17 21:00,  0.018, 0.701, 2.379, 111.8, 2.500,    21, 2.500,   4.0,0,0,0,0,0,0,0,0,0,0,0,0,
01/26/17 22:00,  0.019, 0.700, 2.376, 111.8, 2.500,    20, 2.500,   2.4,0,0,0,0,0,0,0,0,0,0,0,0,
01/26/17 23:00,  0.019, 0.700, 2.377, 111.8, 2.500,    20, 2.500,   1.5,0,0,0,0,0,0,0,0,0,0,0,0,
01/27/17 00:00,  0.020, 0.700, 2.377, 111.8, 2.500,    20, 2.500,   1.0,0,0,0,0,0,0,0,0,0,0,0,0,
01/27/17 01:00,  0.016, 0.700, 2.377, 111.8, 2.500,    19, 2.500,   0.5,0,0,0,0,0,0,0,0,0,0,0,0,
01/27/17 02:00,  0.011, 0.700, 2.368, 111.8, 2.500,    19, 2.500,  -0.3,0,0,0,0,0,0,0,0,0,0,0,0,
01/27/17 03:00,  0.005, 0.700, 2.376, 111.8, 2.500,    19, 2.500,  -0.7,0,0,0,0,0,0,0,0,0,0,0,0,
01/27/17 04:00,  0.002, 0.700, 2.374, 111.8, 2.500,    19, 2.500,  -1.1,0,0,0,0,0,0,0,0,0,0,0,0,
01/27/17 05:00,  0.006, 0.700, 2.380, 111.8, 2.500,    19, 2.500,  -1.8,0,0,0,0,0,0,0,0,0,0,0,0,
01/27/17 06:00,  0.009, 0.700, 2.374, 111.8, 2.500,    19, 2.500,  -2.2,0,0,0,0,0,0,0,0,0,0,0,0,
01/27/17 07:00,  0.013, 0.700, 2.385, 111.8, 2.500,    19, 2.500,  -2.3,0,0,0,0,0,0,0,0,0,0,0,0,
01/27/17 08:00,  0.020, 0.700, 2.385, 111.8, 2.500,    20, 2.500,  -2.2,0,0,0,0,0,0,0,0,0,0,0,0,
01/27/17 09:00,  0.020, 0.701, 2.388, 111.8, 2.500,    22, 2.500,   0.6,0,0,0,0,0,0,0,0,0,0,0,0,
01/27/17 10:00,  0.017, 0.700, 2.397, 111.8, 2.500,    23, 2.500,   4.1,0,0,0,0,0,0,0,0,0,0,0,0,
01/27/17 11:00,  0.025, 0.700, 2.393, 111.8, 2.500,    22, 2.500,   7.2,0,0,0,0,0,0,0,0,0,0,0,0,
01/27/17 12:00,  0.018, 0.700, 2.398, 111.8, 2.500,    20, 2.500,   9.3,0,0,0,0,0,0,0,0,0,0,0,0,
01/27/17 13:00,  0.016, 0.700, 2.375, 111.8, 2.500,    19, 2.500,  12.1,0,0,0,0,0,0,0,0,0,0,0,0,
01/27/17 14:00,  0.008, 0.700, 2.384, 111.8, 2.500,    17, 2.500,  14.1,0,0,0,0,0,0,0,0,0,0,0,0,
01/27/17 15:00,  0.985, 0.000, 2.461, 111.8, 2.500,    19, 2.500,  14.2,0,0,1,0,0,0,0,0,0,0,0,0,
01/27/17 16:00,  0.006, 0.701, 2.385, 111.8, 2.500,    17, 2.500,  14.1,0,0,0,0,0,0,0,0,0,0,0,0,
01/27/17 17:00,  0.003, 0.700, 2.378, 111.8, 2.500,    18, 2.500,  13.0,0,0,0,0,0,0,0,0,0,0,0,0,
01/27/17 18:00,  0.003, 0.700, 2.394, 111.8, 2.500,    19, 2.500,   9.8,0,0,0,0,0,0,0,0,0,0,0,0,
01/27/17 19:00,  0.004, 0.701, 2.383, 111.8, 2.500,    20, 2.500,   8.0,0,0,0,0,0,0,0,0,0,0,0,0,
01/27/17 20:00,  0.006, 0.700, 2.400, 111.8, 2.500,    21, 2.500,   6.8,0,0,0,0,0,0,0,0,0,0,0,0,
01/27/17 21:00,  0.022, 0.700, 2.388, 111.8, 2.500,    21, 2.500,   5.6,0,0,0,0,0,0,0,0,0,0,0,0,
01/27/17 22:00,  0.022, 0.701, 2.385, 111.8, 2.500,    21, 2.500,   4.0,0,0,0,0,0,0,0,0,0,0,0,0,
01/27/17 23:00,  0.021, 0.700, 2.396, 111.8, 2.500,    21, 2.500,   3.6,0,0,0,0,0,0,0,0,0,0,0,0,
01/28/17 00:00,  0.022, 0.700, 2.388, 111.8, 2.500,    20, 2.500,   3.5,0,0,0,0,0,0,0,0,0,0,0,0,
01/28/17 01:00,  0.029, 0.700, 2.398, 111.8, 2.500,    20, 2.500,   2.6,0,0,0,0,0,0,0,0,0,0,0,0,
01/28/17 02:00,  0.012, 0.700, 2.385, 111.8, 2.500,    20, 2.500,   2.4,0,0,0,0,0,0,0,0,0,0,0,0,
01/28/17 03:00,  0.012, 0.700, 2.379, 111.8, 2.500,    20, 2.500,   1.7,0,0,0,0,0,0,0,0,0,0,0,0,
01/28/17 04:00,  0.012, 0.701, 2.385, 111.8, 2.500,    20, 2.500,   0.3,0,0,0,0,0,0,0,0,0,0,0,0,
01/28/17 05:00,  0.019, 0.701, 2.385, 111.8, 2.500,    19, 2.500,  -0.9,0,0,0,0,0,0,0,0,0,0,0,0,
01/28/17 06:00,  0.007, 0.700, 2.387, 111.8, 2.500,    18, 2.500,  -2.1,0,0,0,0,0,0,0,0,0,0,0,0,
01/28/17 07:00,  0.018, 0.700, 2.388, 111.8, 2.500,    18, 2.500,  -2.5,0,0,0,0,0,0,0,0,0,0,0,0,
01/28/17 08:00,  0.015, 0.700, 2.391, 111.8, 2.500,    19, 2.500,  -2.3,0,0,0,0,0,0,0,0,0,0,0,0,
01/28/17 09:00,  0.009, 0.700, 2.390, 111.8, 2.500,    22, 2.500,   0.7,0,0,0,0,0,0,0,0,0,0,0,0,
01/28/17 10:00,  0.021, 0.700, 2.389, 111.8, 2.500,    19, 2.500,   4.4,0,0,0,0,0,0,0,0,0,0,0,0,
01/28/17 11:00,  0.030, 0.700, 2.388, 111.8, 2.500,    19, 2.500,   7.9,0,0,0,0,0,0,0,0,0,0,0,0,
01/28/17 12:00,  0.030, 0.700, 2.388, 111.8, 2.500,    19, 2.500,  11.5,0,0,0,0,0,0,0,0,0,0,0,0,
01/28/17 13:00,  0.018, 0.700, 2.379, 111.8, 2.500,    17, 2.500,  15.2,0,0,0,0,0,0,0,0,0,0,0,0,
01/28/17 14:00,  0.004, 0.701, 2.380, 111.8, 2.500,    16, 2.500,  17.2,0,0,0,0,0,0,0,0,0,0,0,0,
01/28/17 15:00,  0.006, 0.700, 2.380, 111.8, 2.500,    17, 2.500,  17.7,0,0,0,0,0,0,0,0,0,0,0,0,
01/28/17 16:00,  0.004, 0.700, 2.385, 111.8, 2.500,    17, 2.500,  18.1,0,0,0,0,0,0,0,0,0,0,0,0,
01/28/17 17:00,  0.002, 0.700, 2.385, 111.8, 2.500,    18, 2.500,  16.3,0,0,0,0,0,0,0,0,0,0,0,0,
01/28/17 18:00,  0.018, 0.700, 2.378, 111.8, 2.500,    21, 2.500,  10.8,0,0,0,0,0,0,0,0,0,0,0,0,
01/28/17 19:00,  0.043, 0.700, 2.386, 111.8, 2.500,    22, 2.500,   7.1,0,0,0,0,0,0,0,0,0,0,0,0,
01/28/17 20:00,  0.025, 0.701, 2.383, 111.8, 2.500,    21, 2.500,   5.7,0,0,0,0,0,0,0,0,0,0,0,0,
01/28/17 21:00,  0.019, 0.700, 2.386, 111.8, 2.500,    21, 2.500,   6.0,0,0,0,0,0,0,0,0,0,0,0,0,
01/28/17 22:00,  0.028, 0.700, 2.388, 111.8, 2.500,    21, 2.500,   4.5,0,0,0,0,0,0,0,0,0,0,0,0,
01/28/17 23:00,  0.023, 0.700, 2.381, 111.8, 2.500,    20, 2.500,   2.2,0,0,0,0,0,0,0,0,0,0,0,0,
01/29/17 00:00,  0.041, 0.700, 2.379, 111.8, 2.500,    19, 2.500,   0.9,0,0,0,0,0,0,0,0,0,0,0,0,
01/29/17 01:00,  0.029, 0.700, 2.384, 111.8, 2.500,    19, 2.500,  -0.2,0,0,0,0,0,0,0,0,0,0,0,0,
01/29/17 02:00,  0.020, 0.700, 2.380, 111.8, 2.500,    18, 2.500,  -1.0,0,0,0,0,0,0,0,0,0,0,0,0,
01/29/17 03:00,  0.013, 0.700, 2.372, 111.8, 2.500,    18, 2.500,  -1.8,0,0,0,0,0,0,0,0,0,0,0,0,
01/29/17 04:00,  0.010, 0.700, 2.382, 111.8, 2.500,    18, 2.500,  -2.3,0,0,0,0,0,0,0,0,0,0,0,0,
01/29/17 05:00,  0.010, 0.701, 2.381, 111.8, 2.500,    19, 2.500,  -2.3,0,0,0,0,0,0,0,0,0,0,0,0,
01/29/17 06:00,  0.023, 0.701, 2.378, 111.8, 2.500,    19, 2.500,  -2.5,0,0,0,0,0,0,0,0,0,0,0,0,
01/29/17 07:00,  0.018, 0.700, 2.377, 111.8, 2.500,    18, 2.500,  -3.1,0,0,0,0,0,0,0,0,0,0,0,0,
01/29/17 08:00,  0.005, 0.700, 2.394, 111.8, 2.500,    19, 2.500,  -3.2,0,0,0,0,0,0,0,0,0,0,0,0,
01/29/17 09:00,  0.020, 0.700, 2.386, 111.8, 2.500,    22, 2.500,  -0.1,0,0,0,0,0,0,0,0,0,0,0,0,
01/29/17 10:00,  0.024, 0.700, 2.389, 111.8, 2.500,    21, 2.500,   3.9,0,0,0,0,0,0,0,0,0,0,0,0,
01/29/17 11:00,  0.027, 0.700, 2.391, 111.8, 2.500,    20, 2.500,   8.5,0,0,0,0,0,0,0,0,0,0,0,0,
01/29/17 12:00,  0.024, 0.700, 2.380, 111.8, 2.500,    19, 2.500,  11.7,0,0,0,0,0,0,0,0,0,0,0,0,
01/29/17 13:00,  0.010, 0.700, 2.374, 111.8, 2.500,    19, 2.500,  14.2,0,0,0,0,0,0,0,0,0,0,0,0,
01/29/17 14:00,  0.006, 0.701, 2.369, 111.8, 2.500,    18, 2.500,  17.6,0,0,0,0,0,0,0,0,0,0,0,0,
01/29/17 15:00,  0.002, 0.700, 2.381, 111.8, 2.500,    17, 2.500,  19.2,0,0,0,0,0,0,0,0,0,0,0,0,
01/29/17 16:00,  0.006, 0.700, 2.379, 111.8, 2.500,    17, 2.500,  18.3,0,0,0,0,0,0,0,0,0,0,0,0,
01/29/17 17:00,  0.008, 0.700, 2.375, 111.8, 2.500,    17, 2.500,  16.3,0,0,0,0,0,0,0,0,0,0,0,0,
01/29/17 18:00,  0.007, 0.700, 2.369, 111.8, 2.500,    19, 2.500,  12.4,0,0,0,0,0,0,0,0,0,0,0,0,
01/29/17 19:00,  0.011, 0.701, 2.379, 111.8, 2.500,    19, 2.500,  10.7,0,0,0,0,0,0,0,0,0,0,0,0,
01/29/17 20:00,  0.012, 0.701, 2.375, 111.8, 2.500,    19, 2.500,   9.6,0,0,0,0,0,0,0,0,0,0,0,0,
01/29/17 21:00,  0.015, 0.700, 2.371, 111.8, 2.500,    20, 2.500,   6.4,0,0,0,0,0,0,0,0,0,0,0,0,
01/29/17 22:00,  0.019, 0.700, 2.375, 111.8, 2.500,    19, 2.500,   7.0,0,0,0,0,0,0,0,0,0,0,0,0,
01/29/17 23:00,  0.015, 0.700, 2.371, 111.8, 2.500,    19, 2.500,   6.2,0,0,0,0,0,0,0,0,0,0,0,0,
01/30/17 00:00,  0.014, 0.700, 2.372, 111.8, 2.500,    20, 2.500,   5.6,0,0,0,0,0,0,0,0,0,0,0,0,
01/30/17 01:00,  0.014, 0.700, 2.373, 111.8, 2.500,    20, 2.500,   5.0,0,0,0,0,0,0,0,0,0,0,0,0,
01/30/17 02:00,  0.017, 0.700, 2.366, 111.8, 2.500,    20, 2.500,   2.6,0,0,0,0,0,0,0,0,0,0,0,0,
01/30/17 03:00,  0.016, 0.700, 2.359, 111.8, 2.500,    19, 2.500,   1.0,0,0,0,0,0,0,0,0,0,0,0,0,
01/30/17 04:00,  0.010, 0.700, 2.368, 111.8, 2.500,    19, 2.500,  -0.0,0,0,0,0,0,0,0,0,0,0,0,0,
01/30/17 05:00,  0.010, 0.700, 2.370, 111.8, 2.500,    19, 2.500,  -0.9,0,0,0,0,0,0,0,0,0,0,0,0,
01/30/17 06:00,  0.007, 0.701, 2.376, 111.8, 2.500,    19, 2.500,  -1.3,0,0,0,0,0,0,0,0,0,0,0,0,
01/30/17 07:00,  0.005, 0.700, 2.374, 111.8, 2.500,    19, 2.500,  -2.0,0,0,0,0,0,0,0,0,0,0,0,0,
01/30/17 08:00,  0.005, 0.700, 2.365, 111.8, 2.500,    18, 2.500,  -2.3,0,0,0,0,0,0,0,0,0,0,0,0,
01/30/17 09:00,  0.008, 0.700, 2.368, 111.8, 2.500,    22, 2.500,   1.6,0,0,0,0,0,0,0,0,0,0,0,0,
01/30/17 10:00,  0.033, 0.700, 2.365, 111.8, 2.500,    19, 2.500,   6.9,0,0,0,0,0,0,0,0,0,0,0,0,
01/30/17 11:00,  0.013, 0.700, 2.363, 111.8, 2.500,    17, 2.500,  11.4,0,0,0,0,0,0,0,0,0,0,0,0,
01/30/17 12:00,  0.010, 0.700, 2.348, 111.8, 2.500,    17, 2.500,  14.1,0,0,0,0,0,0,0,0,0,0,0,0,
01/30/17 13:00,  0.010, 0.700, 2.361, 111.8, 2.500,    18, 2.500,  16.7,0,0,0,0,0,0,0,0,0,0,0,0,
01/30/17 14:00,  0.009, 0.700, 2.352, 111.8, 2.500,    19, 2.500,  18.7,0,0,0,0,0,0,0,0,0,0,0,0,
01/30/17 15:00,  0.005, 0.700, 2.355, 111.8, 2.500,    20, 2.500,  20.5,0,0,0,0,0,0,0,0,0,0,0,0,
01/30/17 16:00,  0.003, 0.700, 2.359, 111.8, 2.500,    19, 2.500,  21.6,0,0,0,0,0,0,0,0,0,0,0,0,
01/30/17 17:00,  0.002, 0.700, 2.368, 111.8, 2.500,    19, 2.500,  20.6,0,0,0,0,0,0,0,0,0,0,0,0,
01/30/17 18:00,  0.005, 0.700, 2.361, 111.8, 2.500,    22, 2.500,  13.8,0,0,0,0,0,0,0,0,0,0,0,0,
01/30/17 19:00,  0.007, 0.700, 2.355, 111.8, 2.500,    23, 2.500,  10.2,0,0,0,0,0,0,0,0,0,0,0,0,
01/30/17 20:00,  0.009, 0.700, 2.359, 111.8, 2.500,    23, 2.500,   7.4,0,0,0,0,0,0,0,0,0,0,0,0,
01/30/17 21:00,  0.016, 0.701, 2.357, 111.8, 2.500,    22, 2.500,   6.1,0,0,0,0,0,0,0,0,0,0,0,0,
01/30/17 22:00,  0.012, 0.700, 2.364, 111.8, 2.500,    22, 2.500,   4.8,0,0,0,0,0,0,0,0,0,0,0,0,
01/30/17 23:00,  0.017, 0.700, 2.360, 111.8, 2.500,    21, 2.500,   3.5,0,0,0,0,0,0,0,0,0,0,0,0,
01/31/17 00:00,  0.014, 0.700, 2.363, 111.8, 2.500,    21, 2.500,   2.5,0,0,0,0,0,0,0,0,0,0,0,0,
01/31/17 01:00,  0.012, 0.700, 2.362, 111.8, 2.500,    20, 2.500,   2.2,0,0,0,0,0,0,0,0,0,0,0,0,
01/31/17 02:00,  0.008, 0.700, 2.359, 111.8, 2.500,    20, 2.500,   1.5,0,0,0,0,0,0,0,0,0,0,0,0,
01/31/17 03:00,  0.007, 0.700, 2.358, 111.8, 2.500,    19, 2.500,   0.3,0,0,0,0,0,0,0,0,0,0,0,0,
01/31/17 04:00,  0.008, 0.700, 2.356, 111.8, 2.500,    19, 2.500,  -0.2,0,0,0,0,0,0,0,0,0,0,0,0,
01/31/17 05:00,  0.004, 0.700, 2.359, 111.8, 2.500,    19, 2.500,  -0.4,0,0,0,0,0,0,0,0,0,0,0,0,
01/31/17 06:00,  0.005, 0.700, 2.353, 111.8, 2.500,    19, 2.500,  -0.7,0,0,0,0,0,0,0,0,0,0,0,0,
01/31/17 07:00,  0.007, 0.700, 2.369, 111.8, 2.500,    19, 2.500,  -1.6,0,0,0,0,0,0,0,0,0,0,0,0,
01/31/17 08:00,  0.032, 0.700, 2.359, 111.8, 2.500,    19, 2.500,  -1.6,0,0,0,0,0,0,0,0,0,0,0,0,
01/31/17 09:00,  0.004, 0.700, 2.360, 111.8, 2.500,    23, 2.500,   3.0,0,0,0,0,0,0,0,0,0,0,0,0,
01/31/17 10:00,  0.018, 0.701, 2.368, 111.8, 2.500,    22, 2.500,   8.2,0,0,0,0,0,0,0,0,0,0,0,0,
01/31/17 11:00,  0.009, 0.700, 2.354, 111.8, 2.500,    19, 2.500,  12.7,0,0,0,0,0,0,0,0,0,0,0,0,
01/31/17 12:00,  0.007, 0.700, 2.344, 111.8, 2.500,    19, 2.500,  14.8,0,0,0,0,0,0,0,0,0,0,0,0,
01/31/17 13:00,  0.004, 0.700, 2.361, 111.8, 2.500,    18, 2.500,  18.2,0,0,0,0,0,0,0,0,0,0,0,0,
01/31/17 14:00,  0.004, 0.701, 2.349, 111.8, 2.500,    18, 2.500,  21.0,0,0,0,0,0,0,0,0,0,0,0,0,
01/31/17 15:00,  0.004, 0.700, 2.353, 111.8, 2.500,    14, 2.500,  21.3,0,0,0,0,0,0,0,0,0,0,0,0,
01/31/17 16:00,  0.007, 0.700, 2.361, 111.8, 2.500,    14, 2.500,  20.8,0,0,0,0,0,0,0,0,0,0,0,0,
01/31/17 17:00,  0.007, 0.700, 2.360, 111.8, 2.500,    16, 2.500,  19.3,0,0,0,0,0,0,0,0,0,0,0,0,
01/31/17 18:00,  0.004, 0.700, 2.353, 111.8, 2.500,    19, 2.500,  14.1,0,0,0,0,0,0,0,0,0,0,0,0,
01/31/17 19:00,  0.006, 0.700, 2.352, 111.8, 2.500,    21, 2.500,   9.4,0,0,0,0,0,0,0,0,0,0,0,0,
01/31/17 20:00,  0.009, 0.700, 2.355, 111.8, 2.500,    21, 2.500,   7.6,0,0,0,0,0,0,0,0,0,0,0,0,
01/31/17 21:00,  0.015, 0.700, 2.360, 111.8, 2.500,    21, 2.500,   5.6,0,0,0,0,0,0,0,0,0,0,0,0,
01/31/17 22:00,  0.011, 0.700, 2.359, 111.8, 2.500,    21, 2.500,   4.7,0,0,0,0,0,0,0,0,0,0,0,0,
01/31/17 23:00,  0.012, 0.700, 2.358, 111.8, 2.500,    21, 2.500,   3.5,0,0,0,0,0,0,0,0,0,0,0,0,
02/01/17 00:00,  0.022, 0.700, 2.361, 111.8, 2.500,    20, 2.500,   2.5,0,0,0,0,0,0,0,0,0,0,0,0,